scenario,profile,server,workers,valid_samples,status,rps,p50_ms,p95_ms,p99_ms,cpu_mean_percent,cpu_peak_percent,rss_mean_mib,rss_peak_mib,rps_min,rps_max,busiest_service,service_utilization,load_utilization
article-create,adrf,uvicorn,1,2,complete,218.00873286897172,283.4866895,391.2120615,436.25077799999997,98.88771864914483,105.6284760504374,155.81759040380484,157.75390625,217.912728450988,218.10473728695547,postgres,0.105,0.001
article-create,adrf,uvicorn,4,2,complete,643.9130754156082,97.76174599999999,123.9878885,162.72410250000001,369.83411052455074,388.26250693782583,561.4018033596838,568.578125,634.0139863324769,653.8121644987395,postgres,0.325,0.003
article-create,aiodrf,uvicorn,1,2,complete,294.1868331465115,211.388092,263.4055285,301.70258949999993,98.86623356739074,105.63788579867511,139.36769610969387,141.24609375,290.6228897426959,297.7507765503271,postgres,0.138,0.002
article-create,aiodrf,uvicorn,4,2,complete,869.2727474127303,71.7755915,100.35238050000001,125.81419,363.5132578704014,386.5064368494563,550.4368106617646,554.33984375,868.1881733087233,870.3573215167372,postgres,0.442,0.003
article-create,aiodrf-tuned,uvicorn,1,2,complete,384.0830863978842,164.384528,188.71114649999998,200.577626,98.65816055073093,105.57476429233013,131.03094161184208,131.77734375,382.2084323050603,385.9577404907081,postgres,0.171,0.002
article-create,aiodrf-tuned,uvicorn,4,2,complete,1239.232264786539,51.170299,69.96395999999999,76.7150765,384.22781619908335,408.42957217544625,543.9689127604167,545.0859375,1226.0924418674138,1252.3720877056644,postgres,0.648,0.005
article-create,bolt,bolt-native,1,2,complete,353.34897540393786,177.2762255,202.8745995,222.76600200000001,72.64740681420702,77.1247553229483,186.75271532012195,186.796875,352.81216161359265,353.8857891942831,postgres,0.143,0.002
article-create,bolt,bolt-native,4,2,complete,1148.4574971300196,53.6955095,70.757283,75.35831250000001,265.03442152737955,288.7055456757097,751.5671574519231,751.619140625,1115.4463511929816,1181.4686430670577,postgres,0.482,0.004
article-create,django,uvicorn,1,2,complete,363.98346026833326,173.69407,194.4951325,209.53691700000002,97.9706660376098,105.66945100989011,124.06154011051828,124.919921875,359.4711323239489,368.4957882127176,postgres,0.164,0.002
article-create,django,uvicorn,4,2,complete,1041.7210352217085,60.172071,83.451372,93.522219,367.62888534928,391.60889085239074,512.1169084821429,513.314453125,1024.317189350661,1059.1248810927557,postgres,0.528,0.004
article-create,django-sync,gunicorn-gthread,1,2,complete,456.0989692339805,138.750013,151.0690695,158.75717400000002,99.019802243512,105.57027716776457,136.09564208984375,136.189453125,452.19500670060904,460.00293176735187,postgres,0.195,0.002
article-create,django-sync,gunicorn-gthread,4,2,complete,1364.9183018220688,29.287924,115.41919899999999,122.322956,355.93247200666707,397.13400596650405,461.18912760416663,461.599609375,1241.6137105727055,1488.222893071432,postgres,0.677,0.005
article-create,django-sync,gunicorn-sync,1,2,complete,336.9691066414024,186.80501149999998,201.9800455,216.006308,71.53772002460843,79.32309781858189,133.82192289904862,133.849609375,334.2494573560613,339.6887559267435,postgres,0.141,0.003
article-create,django-sync,gunicorn-sync,4,2,complete,1111.9851965258993,55.403366500000004,68.1904135,72.14306400000001,259.79154331804307,294.2173581633248,455.1805460164835,455.212890625,1107.3866274135512,1116.5837656382473,postgres,0.473,0.007
article-create,django-sync,uvicorn,1,2,complete,364.11048069499725,173.8859195,194.076766,217.9139805,98.78310373105049,105.59234847187388,123.88984375,124.7421875,362.06719465283487,366.15376673715963,postgres,0.161,0.002
article-create,django-sync,uvicorn,4,2,complete,997.4291805122637,68.144499,94.1446685,107.70636049999999,343.26208603723836,387.10813136693923,511.1869791666667,512.751953125,977.4939116922043,1017.364449332323,postgres,0.51,0.004
article-create,drf,gunicorn-gthread,1,2,complete,366.52964024952144,171.3303275,199.87003750000002,208.629906,98.4159141824241,105.54732032444232,146.586962890625,146.724609375,364.9564622986396,368.1028182004032,postgres,0.164,0.002
article-create,drf,gunicorn-gthread,4,2,complete,1067.3901688691967,65.967398,108.84768700000001,133.540924,361.50068180090943,393.65796636794914,497.3108258928571,499.76171875,1064.3191936572473,1070.461144081146,postgres,0.534,0.005
article-create,drf,gunicorn-sync,1,2,complete,289.41338193156946,218.07597650000002,233.83043,247.5259075,75.90596789383753,81.65891810407138,139.99910156250002,140.697265625,287.28769285440035,291.5390710087386,postgres,0.121,0.003
article-create,drf,gunicorn-sync,4,2,complete,958.7095611066877,65.256401,75.9425305,89.106444,271.3239234464079,312.02127708397063,477.10205078125,477.796875,948.7339045004281,968.6852177129472,postgres,0.412,0.007
article-create,ninja,uvicorn,1,2,complete,351.8957355797327,179.61976199999998,202.9918795,219.572005,99.30143100812757,105.6029120354629,136.2541444359756,137.19140625,350.89131588596143,352.9001552735039,postgres,0.157,0.002
article-create,ninja,uvicorn,4,2,complete,975.1107144343397,64.64736149999999,91.976047,101.45388249999999,346.63907128155313,389.71349060511193,560.3459065755208,561.91796875,939.1225281548848,1011.0989007137946,postgres,0.514,0.004
article-detail,adrf,uvicorn,1,2,complete,356.10809252216904,173.12994600000002,254.4715235,276.7966675,98.25198199234346,105.49681801289557,148.8565625,151.04296875,352.97060631360546,359.2455787307327,postgres,0.064,0.002
article-detail,adrf,uvicorn,4,2,complete,1013.1445801909417,61.4815305,97.5363615,129.5764645,350.08090585327705,390.75111328102605,557.99390625,563.533203125,927.006745843309,1099.2824145385744,postgres,0.17,0.004
article-detail,aiodrf,uvicorn,1,2,complete,556.9557029616092,111.91988900000001,150.450625,168.28148950000002,97.02586419722249,103.76703398023291,135.284609375,136.677734375,544.6808839742808,569.2305219489374,postgres,0.085,0.002
article-detail,aiodrf,uvicorn,4,2,complete,1668.0850760791222,37.8192095,51.291132000000005,62.188905000000005,367.7879352262138,393.9479862935824,548.961181640625,552.43359375,1657.0881181576406,1679.082034000604,postgres,0.253,0.005
article-detail,aiodrf-tuned,uvicorn,1,2,complete,823.90065685134,76.3168815,89.0669665,129.853185,97.96620747660424,105.36420761423108,133.31843750000002,133.80078125,796.9353229543877,850.8659907482922,postgres,0.111,0.003
article-detail,aiodrf-tuned,uvicorn,4,2,complete,2700.2847006439215,22.8931385,36.9865265,45.97147,380.37661101791684,415.44901530730453,546.7721289062499,547.736328125,2635.0951740551445,2765.474227232699,postgres,0.403,0.007
article-detail,bolt,bolt-native,1,2,complete,1075.752406169587,58.394993,64.83225049999999,66.631002,82.56813339650431,89.75669210960969,191.2375,192.103515625,1065.473463650615,1086.0313486885589,postgres,0.126,0.003
article-detail,bolt,bolt-native,4,2,complete,3299.2586636101887,18.546794499999997,26.110488500000002,29.221065,277.83329218788083,310.0709243020624,754.2442968749999,754.7421875,3264.9575343505517,3333.5597928698257,postgres,0.388,0.006
article-detail,django,uvicorn,1,2,complete,738.8111923970243,85.023317,101.265447,139.8113055,97.24989555574498,105.54637967583038,128.164375,129.1484375,733.5468779360555,744.0755068579932,postgres,0.103,0.003
article-detail,django,uvicorn,4,2,complete,2027.0451935755746,31.125210000000003,44.0321675,54.110034999999996,354.36355456539343,390.7095136359118,519.9083658854167,522.591796875,1966.3258878800586,2087.7644992710907,postgres,0.311,0.005
article-detail,django-sync,gunicorn-gthread,1,2,complete,1063.1578162100393,59.5088195,66.8175775,70.52483000000001,97.22305398985321,103.10588055232647,135.844296875,135.947265625,1036.3635049153165,1089.952127504762,postgres,0.134,0.004
article-detail,django-sync,gunicorn-gthread,4,2,complete,3579.5845362921873,15.0884055,34.3417205,41.1964245,392.83930164633546,411.52525689966524,461.2777506510417,461.662109375,3547.46988053812,3611.699192046254,postgres,0.509,0.01
article-detail,django-sync,gunicorn-sync,1,2,complete,850.3273973499113,74.32070100000001,82.35413500000001,84.71168750000001,77.34703089632595,86.13688394303139,133.845390625,133.859375,835.2112125056647,865.4435821941578,postgres,0.107,0.005
article-detail,django-sync,gunicorn-sync,4,2,complete,2975.99146748796,21.0730025,24.293515,26.2225575,307.4913482209806,336.3676089329883,455.23812174479167,455.283203125,2966.421050939496,2985.561884036424,postgres,0.366,0.017
article-detail,django-sync,uvicorn,1,2,complete,748.4449536731008,83.958661,97.51486700000001,126.67035899999999,97.63481550099132,105.90788014601577,127.79671875,128.5625,742.8939244161073,753.9959829300944,postgres,0.103,0.003
article-detail,django-sync,uvicorn,4,2,complete,2025.2154996091608,31.7643555,50.909971,60.459508,351.07236516881824,384.080393218582,518.8976236979166,521.888671875,1916.1913693368126,2134.239629881509,postgres,0.309,0.006
article-detail,drf,gunicorn-gthread,1,2,complete,765.6516966050187,81.7838495,95.8272195,110.69734550000001,98.33549978905768,105.68096601998397,144.111328125,144.1484375,758.0770067147145,773.2263864953231,postgres,0.104,0.003
article-detail,drf,gunicorn-gthread,4,2,complete,2534.407904141474,21.256555,58.307767999999996,71.70477199999999,387.8850228158806,411.51202361120147,493.16568359375003,495.92578125,2513.9893433741527,2554.826464908795,postgres,0.37,0.007
article-detail,drf,gunicorn-sync,1,2,complete,662.056921682328,95.258475,104.54229950000001,110.9039275,83.06317459372869,88.71081901149665,139.446953125,139.822265625,649.5383635676076,674.5754797970485,postgres,0.085,0.005
article-detail,drf,gunicorn-sync,4,2,complete,2193.252031908569,28.202103,35.026452000000006,40.479226,327.03632375034266,352.1952637480862,476.560302734375,477.810546875,2181.1550660120824,2205.3489978050548,postgres,0.292,0.014
article-detail,ninja,uvicorn,1,2,complete,704.7495577412785,88.6807275,111.1724245,136.66508399999998,97.29321131816334,102.43567628452666,139.756171875,140.89453125,694.7616619534252,714.7374535291319,postgres,0.1,0.003
article-detail,ninja,uvicorn,4,2,complete,2073.95800284191,29.9302645,43.497523,55.738809,360.49351447225877,398.6281205838564,567.4402669270834,569.265625,2033.0512033076463,2114.864802376174,postgres,0.309,0.005
articles,adrf,uvicorn,1,2,complete,61.81832099387688,983.3969334999999,1183.1261385,1194.201505,98.89694726141957,105.64057513634718,164.7168642241379,166.919921875,60.96240641566784,62.67423557208592,postgres,0.029,0.001
articles,adrf,uvicorn,4,2,complete,182.67827784895076,379.16803000000004,466.1004395,528.4908389999999,367.53602498536435,394.0774569076958,608.7809374999999,638.814453125,181.55714166075205,183.7994140371495,postgres,0.064,0.001
articles,aiodrf,uvicorn,1,2,complete,324.1338242902878,193.620321,231.0903545,250.72583450000002,98.55537079077334,105.48677842813132,131.890390625,132.275390625,308.3213728508103,339.9462757297653,postgres,0.089,0.002
articles,aiodrf,uvicorn,4,2,complete,941.0902831380906,66.391827,92.59430850000001,113.9384055,344.0969542772713,390.39893637050363,544.95421875,546.109375,926.4340800041168,955.7464862720645,postgres,0.264,0.004
articles,aiodrf-tuned,uvicorn,1,2,complete,482.6288728659783,129.67217150000002,158.53603900000002,168.16247249999998,98.73294143030922,105.52005299826817,131.04015625,131.234375,476.5547715821615,488.70297414979507,postgres,0.12,0.002
articles,aiodrf-tuned,uvicorn,4,2,complete,1528.588601682203,41.8305115,61.290394500000005,82.399483,389.6604641539534,416.8511368147068,545.6956380208333,546.642578125,1510.6971053365746,1546.4800980278314,postgres,0.418,0.005
articles,bolt,bolt-native,1,2,complete,569.7861001696481,110.617408,119.4278825,125.58324999999999,83.09693724911176,91.28899933414897,192.09523437500002,192.654296875,567.8228318769212,571.7493684623751,postgres,0.123,0.002
articles,bolt,bolt-native,4,2,complete,1773.7877192391945,37.4260385,47.534847,52.636489499999996,295.4720325652854,324.397317424191,754.13328125,754.822265625,1753.5361144765757,1794.0393240018134,postgres,0.393,0.004
articles,django,uvicorn,1,2,complete,464.90277949690994,135.1974305,165.6379125,180.953165,97.7285206766909,105.60243698676047,124.430546875,124.71875,456.92150315880957,472.8840558350103,postgres,0.117,0.002
articles,django,uvicorn,4,2,complete,1267.3332313220767,46.049839999999996,82.2266985,105.0312525,345.79671018678795,392.9396090365849,516.855478515625,518.419921875,1182.7321838930568,1351.9342787510966,postgres,0.354,0.004
articles,django-sync,gunicorn-gthread,1,2,complete,617.5270553203318,101.760926,114.453137,143.430947,98.4102833015926,105.33852771078986,135.767578125,135.876953125,600.2355304637999,634.8185801768635,postgres,0.146,0.003
articles,django-sync,gunicorn-gthread,4,2,complete,1946.1560106637698,9.201464000000001,110.6132905,120.86541,384.9723188867629,420.0889126438774,460.30192057291663,460.689453125,1916.372553050729,1975.9394682768104,postgres,0.508,0.007
articles,django-sync,gunicorn-sync,1,2,complete,501.9191551066146,125.06802200000001,137.4976335,142.69583849999998,76.82753025709317,81.80311023920581,133.827578125,133.83203125,498.4431225671683,505.3951876460609,postgres,0.114,0.004
articles,django-sync,gunicorn-sync,4,2,complete,1732.2300244869214,36.4527315,40.5532825,44.012373499999995,300.35853548918874,326.5564980178475,454.798828125,454.830078125,1728.743633177786,1735.7164157960567,postgres,0.394,0.011
articles,django-sync,uvicorn,1,2,complete,477.5353317649432,132.1519055,159.41912250000001,185.0074535,98.1643110787162,105.35843936998828,125.388359375,126.216796875,456.40469840923794,498.66596512064837,postgres,0.12,0.003
articles,django-sync,uvicorn,4,2,complete,1331.6646538005107,48.978854,69.0874575,82.782597,349.5498463550961,384.76160221921396,516.08154296875,518.0078125,1280.1127985328258,1383.2165090681954,postgres,0.36,0.005
articles,drf,gunicorn-gthread,1,2,complete,415.06077835341046,147.207784,197.336596,218.18460199999998,99.26605623696027,105.51021711546235,152.32984375,152.46875,414.9269743649624,415.19458234185845,postgres,0.105,0.002
articles,drf,gunicorn-gthread,4,2,complete,1351.8501805181704,31.611953999999997,120.2852465,163.4451275,376.46894062086676,418.3278860806207,522.274609375,524.361328125,1334.7277610654403,1368.9725999709005,postgres,0.359,0.005
articles,drf,gunicorn-sync,1,2,complete,369.8483835425982,169.7743565,198.329003,202.77805,81.55391543897736,88.69548375943032,144.6121875,144.97265625,359.7976657228295,379.8991013623669,postgres,0.087,0.004
articles,drf,gunicorn-sync,4,2,complete,1217.4299428300337,50.557135,64.2559825,70.231386,313.200772302338,354.2826423472315,496.6549609375,499.296875,1163.5568010837083,1271.3030845763594,postgres,0.303,0.009
articles,ninja,uvicorn,1,2,complete,419.75743606770686,149.139014,184.856676,199.478836,98.32685231210257,103.12444642313446,136.502109375,136.90625,404.7712183706903,434.74365376472343,postgres,0.107,0.002
articles,ninja,uvicorn,4,2,complete,1120.3703962857016,55.549059,80.8762945,111.0731035,344.7037242896191,393.2515453108517,563.9571126302083,565.431640625,1033.3545727386559,1207.3862198327472,postgres,0.322,0.004
articles-cache-hit,adrf,uvicorn,1,2,complete,1265.3889900604677,44.1367125,126.7913725,160.9285395,95.79279687411423,105.41128124911636,178.09718750000002,179.763671875,1209.4066003884159,1321.3713797325197,valkey,0.034,0.004
articles-cache-hit,adrf,uvicorn,4,2,complete,3119.474032979655,18.908412499999997,31.8279485,61.453835999999995,330.76160812754597,380.69768056467694,603.4798274739583,608.28515625,2674.668280916242,3564.279785043068,valkey,0.082,0.009
articles-cache-hit,aiodrf,uvicorn,1,2,complete,1489.4468811154804,41.507919,82.2134745,94.160405,96.53752771429848,102.83939521982717,146.220859375,147.376953125,1423.2385903748045,1555.6551718561564,valkey,0.039,0.004
articles-cache-hit,aiodrf,uvicorn,4,2,complete,4312.535332173034,14.103593,22.531510000000004,29.347088,344.0863738842389,385.2002058514038,544.0723958333333,545.681640625,3868.4625908794956,4756.608073466571,valkey,0.093,0.011
articles-cache-hit,aiodrf-tuned,uvicorn,1,2,complete,2337.957659875631,26.247288500000003,38.423269,69.428439,95.88192581184573,104.71806937104054,134.49921875,135.12109375,2152.5389001230083,2523.3764196282536,valkey,0.05,0.006
articles-cache-hit,aiodrf-tuned,uvicorn,4,2,complete,6943.289381968018,8.947713,14.182744499999998,17.9269835,352.54260338639847,386.7168139034423,532.290283203125,533.19140625,6399.103298137517,7487.475465798517,valkey,0.134,0.013
articles-cache-hit,bolt,bolt-native,1,2,complete,9371.77733500988,5.8274665,8.427394,38.466635,96.96804780323495,105.24970608705718,189.06347981770833,189.099609375,8872.242806858118,9871.311863161643,valkey,0.172,0.013
articles-cache-hit,bolt,bolt-native,4,2,complete,32391.980233563307,1.8718525000000001,3.154792,4.1786769999999995,375.7546818488089,413.37602711996396,741.720712890625,741.81640625,31726.07397468591,33057.8864924407,valkey,0.568,0.042
articles-cache-hit,django,uvicorn,1,2,complete,1735.3062044961243,35.843787,60.13710999999999,90.222798,96.56136010066767,102.84712069925845,132.760390625,134.0,1590.848495076965,1879.7639139152839,valkey,0.038,0.005
articles-cache-hit,django,uvicorn,4,2,complete,5307.654387802741,11.556023,17.484420999999998,21.1231905,344.68126602867267,390.2014108593247,505.685654296875,508.095703125,5111.542857608266,5503.765917997217,valkey,0.104,0.011
articles-cache-hit,django-sync,gunicorn-gthread,1,2,complete,3640.185079013238,17.355643,19.644045,22.9288635,95.92545192307165,105.73141827991162,131.13664062499998,131.140625,3546.619571798042,3733.750586228434,valkey,0.081,0.009
articles-cache-hit,django-sync,gunicorn-gthread,4,2,complete,10345.251945968112,2.7913360000000003,19.3412935,22.479458,370.5333566996323,398.3467040378994,442.36767578125,442.44140625,9760.355471340647,10930.148420595577,valkey,0.221,0.025
articles-cache-hit,django-sync,gunicorn-sync,1,2,complete,3151.111289322529,19.1617185,27.1818825,32.170015,83.85525565344119,91.15083098934534,129.40234375,129.40234375,2971.841928108243,3330.3806505368157,valkey,0.074,0.015
articles-cache-hit,django-sync,gunicorn-sync,4,2,complete,10574.529873701274,5.6657340000000005,7.9629685,11.255376,333.7067766072113,368.78495897430275,437.412109375,437.412109375,10484.12268572475,10664.9370616778,valkey,0.228,0.05
articles-cache-hit,django-sync,uvicorn,1,2,complete,1255.4233865043916,46.4603005,95.324253,118.221149,96.52946908448021,104.6139623476599,160.7609375,162.435546875,1248.984968677618,1261.8618043311649,valkey,0.039,0.004
articles-cache-hit,django-sync,uvicorn,4,2,complete,3676.6357569912457,16.438186,26.372890499999997,33.598982,339.2053941694728,380.35080259801964,559.4798177083334,570.943359375,3651.409043320936,3701.8624706615556,valkey,0.092,0.009
articles-cache-hit,drf,gunicorn-gthread,1,2,complete,2530.025805897664,23.783179999999998,30.1418735,58.363530499999996,95.47282974114188,105.24109296610386,143.14578125,143.296875,2506.8775177694324,2553.1740940258956,valkey,0.062,0.007
articles-cache-hit,drf,gunicorn-gthread,4,2,complete,7729.191907287304,6.2113475,22.6836535,28.083205,352.4892765365427,395.69154685373644,488.37792317708335,493.01953125,6375.01212545344,9083.37168912117,valkey,0.168,0.019
articles-cache-hit,drf,gunicorn-sync,1,2,complete,2479.841936076582,24.58355,32.1455415,46.3816235,84.71316241657573,95.81087862191198,138.781875,140.611328125,2390.5856850615614,2569.098187091602,valkey,0.061,0.013
articles-cache-hit,drf,gunicorn-sync,4,2,complete,8377.345493256958,7.17323,9.8905055,12.932911999999998,334.7501528284263,372.6345780375375,471.10434895833333,477.419921875,8283.21506816702,8471.4759183469,valkey,0.185,0.041
articles-cache-hit,ninja,uvicorn,1,2,complete,1745.123509397089,35.425498000000005,53.988933,87.336039,97.59121142364475,105.21818337644905,144.48289062499998,145.724609375,1681.9318237683672,1808.3151950258107,valkey,0.041,0.004
articles-cache-hit,ninja,uvicorn,4,2,complete,4803.607404480437,13.2129275,21.772861499999998,26.960760500000003,336.74377625173577,381.26354627316107,557.5630696614583,559.447265625,4269.20749058138,5338.007318379494,valkey,0.101,0.011
articles-cache-miss,adrf,uvicorn,1,2,complete,379.54174813491716,161.94913449999999,225.636709,245.199255,98.50694889461992,105.06344203875759,153.92703125,155.7578125,375.9005115859703,383.18298468386405,postgres,0.099,0.002
articles-cache-miss,adrf,uvicorn,4,2,complete,1054.22940530288,59.038369,84.10684750000001,131.1212215,359.9886313055788,390.0253750127929,588.9430338541666,596.8203125,1038.3657187240447,1070.093091881715,postgres,0.293,0.004
articles-cache-miss,aiodrf,uvicorn,1,2,complete,413.66882998982885,151.0285685,185.943168,201.9763365,98.3375135749879,105.2750190992968,131.67476562500002,132.05859375,409.8747198364625,417.4629401431952,postgres,0.102,0.002
articles-cache-miss,aiodrf,uvicorn,4,2,complete,1175.1143016630872,52.987173500000004,74.2847375,105.0116055,362.37289275895273,393.4855131953529,542.4689127604167,543.45703125,1146.431151066098,1203.7974522600764,postgres,0.321,0.004
articles-cache-miss,aiodrf-tuned,uvicorn,1,2,complete,462.35173906485045,134.56870700000002,168.621315,178.27445649999999,97.90061207152286,105.24085575795611,131.3840625,131.56640625,453.4139325586436,471.28954557105726,postgres,0.117,0.002
articles-cache-miss,aiodrf-tuned,uvicorn,4,2,complete,1429.7493711456286,45.11692550000001,62.6048055,85.8248905,386.8362783229127,427.22928545709,545.8878580729167,546.7109375,1345.004586519226,1514.494155772031,postgres,0.404,0.005
articles-cache-miss,bolt,bolt-native,1,2,complete,498.05089284950714,127.041498,138.9042,143.5461345,90.30385337355088,95.82353481301953,189.9859375,190.486328125,482.35807044530935,513.743715253705,postgres,0.111,0.002
articles-cache-miss,bolt,bolt-native,4,2,complete,1456.8280902874544,42.908447,66.0421245,76.43866550000001,315.6368758791062,347.2623506788807,755.1937890625,755.525390625,1435.715497078535,1477.940683496374,postgres,0.344,0.004
articles-cache-miss,django,uvicorn,1,2,complete,423.6255688130663,147.56731200000002,180.27561250000002,196.462517,98.07965058282701,105.17733431310513,124.749140625,125.044921875,415.9531282023745,431.2980094237581,postgres,0.112,0.002
articles-cache-miss,django,uvicorn,4,2,complete,1104.6904061692408,56.7634405,82.664954,110.51632649999999,348.7015030087965,382.675682534452,515.09228515625,515.732421875,1030.4486529490794,1178.9321593894022,postgres,0.312,0.005
articles-cache-miss,django-sync,gunicorn-gthread,1,2,complete,578.8582337760715,109.2703325,122.33681750000001,127.20526899999999,98.09556783675232,103.06441224546799,136.16359375000002,136.2734375,561.2611107020429,596.4553568501002,postgres,0.136,0.003
articles-cache-miss,django-sync,gunicorn-gthread,4,2,complete,1758.5166729957066,31.392696,80.50308150000001,87.037058,377.9491062945766,414.5218726236444,462.95119140625,463.333984375,1729.1672174170335,1787.8661285743797,postgres,0.476,0.007
articles-cache-miss,django-sync,gunicorn-sync,1,2,complete,440.87609090852675,142.4040115,160.0211435,170.025355,73.23794134513116,81.52328382853992,133.857265625,133.8671875,429.33912066964086,452.41306114741263,postgres,0.107,0.004
articles-cache-miss,django-sync,gunicorn-sync,4,2,complete,1394.1194165641393,44.646731,58.3486995,68.0721805,283.89549757822397,311.9366843793592,454.90726562500004,454.9375,1264.6350910255799,1523.6037421026988,postgres,0.333,0.01
articles-cache-miss,django-sync,uvicorn,1,2,complete,420.49513175855856,149.183132,175.070998,221.80165599999998,97.31167599112784,107.75560600082639,142.94234375000002,145.169921875,408.91818346027816,432.07208005683896,postgres,0.108,0.002
articles-cache-miss,django-sync,uvicorn,4,2,complete,1136.784713042133,54.9364205,83.8081605,101.08110400000001,350.2448469884157,378.2807103891273,547.13525390625,555.921875,1118.7742856958735,1154.7951403883926,postgres,0.31,0.004
articles-cache-miss,drf,gunicorn-gthread,1,2,complete,539.1670441688709,115.9418715,141.77676400000001,153.650706,98.96167940405256,105.46071965478998,148.4771875,148.72265625,530.2040248224048,548.1300635153369,postgres,0.129,0.003
articles-cache-miss,drf,gunicorn-gthread,4,2,complete,1596.1342026890516,30.192709999999998,110.91623,135.9738005,352.7614396154073,396.359174253624,498.9996875,503.208984375,1401.8971646862415,1790.3712406918617,postgres,0.409,0.006
articles-cache-miss,drf,gunicorn-sync,1,2,complete,404.8373070643372,152.613439,191.031136,201.40408250000002,75.86292677960073,83.84414619935848,140.14937500000002,140.6484375,377.811916270038,431.86269785863635,postgres,0.098,0.004
articles-cache-miss,drf,gunicorn-sync,4,2,complete,1412.9755528695405,43.2904595,56.371734000000004,62.21015250000001,296.07081459044616,322.67323420085677,479.21443684895837,480.927734375,1404.6348928478624,1421.3162128912186,postgres,0.332,0.009
articles-cache-miss,ninja,uvicorn,1,2,complete,402.5856574449747,153.7034405,202.19417700000002,217.6000075,97.47770746374995,105.40058501766848,136.68984375,137.05078125,388.82873276361113,416.3425821263382,postgres,0.106,0.002
articles-cache-miss,ninja,uvicorn,4,2,complete,1176.9219481215218,53.1432635,78.10191950000001,103.25583350000001,357.996096332442,390.3921684861933,563.5379231770833,564.69921875,1133.6415005233064,1220.202395719737,postgres,0.324,0.004
cache-pipeline,adrf,uvicorn,1,2,complete,1361.8414041723668,43.421328,79.3726925,118.405798,97.64641978307307,103.20607444170665,141.0205965909091,141.591796875,1354.142275790169,1369.5405325545646,valkey,0.035,0.005
cache-pipeline,adrf,uvicorn,4,2,complete,3959.263869595026,15.3307275,21.512470999999998,28.1695775,350.15893002072863,372.31757447842017,533.1416015625,535.224609375,3810.4941234248436,4108.033615765208,valkey,0.092,0.011
cache-pipeline,aiodrf,uvicorn,1,2,complete,1569.2246607439993,38.918205,72.775202,96.899048,97.7734207153628,103.58498145410107,136.70494791666667,137.8359375,1509.2280731805677,1629.2212483074306,valkey,0.038,0.005
cache-pipeline,aiodrf,uvicorn,4,2,complete,5241.161515231148,11.750168,17.1577965,21.804167500000002,318.87688097798656,372.54368633248214,527.8994140625,529.375,4647.456418984779,5834.866611477517,valkey,0.105,0.013
cache-pipeline,aiodrf-tuned,uvicorn,1,2,complete,2436.6584835387443,24.421706999999998,42.409892,67.62857349999999,85.81052921747505,100.73053734557945,132.57449776785714,133.451171875,2411.7156864842345,2461.601280593254,valkey,0.054,0.006
cache-pipeline,aiodrf-tuned,uvicorn,4,2,complete,5776.247817663216,10.3985895,17.3087585,27.219687999999998,243.8279959474162,337.30242565484383,527.1212565104167,527.759765625,4882.510903232748,6669.984732093682,valkey,0.12,0.013
cache-pipeline,bolt,bolt-native,1,2,complete,9472.326072237884,6.0658259999999995,7.4819770000000005,27.899521,80.78612388594405,85.78127071924905,186.3134765625,186.326171875,9349.892878744784,9594.759265730985,valkey,0.211,0.013
cache-pipeline,bolt,bolt-native,4,2,complete,25311.087709730407,1.8647505,4.2156665,16.532567,227.20465890393342,227.20465890393342,735.3671875,735.3671875,24281.802753234293,26340.37266622652,valkey,0.364,0.036
cache-pipeline,django,uvicorn,1,2,complete,1849.8172054234392,33.1677035,62.194245499999994,76.9088575,97.47827956766989,100.78122588431786,129.56930881076389,130.560546875,1787.6809145524805,1911.953496294398,valkey,0.034,0.005
cache-pipeline,django,uvicorn,4,2,complete,4919.292166049352,11.964709000000001,21.655029499999998,26.577074,301.0629937013538,360.6845281893785,501.60595703125,503.251953125,4518.065069778556,5320.519262320148,valkey,0.106,0.013
cache-pipeline,django-sync,gunicorn-gthread,1,2,complete,3836.9699416734366,16.050293,18.223014,26.9414025,93.75805383462952,101.37339339232437,130.943359375,130.943359375,3821.376720487136,3852.5631628597375,valkey,0.074,0.011
cache-pipeline,django-sync,gunicorn-gthread,4,2,complete,13476.496896665503,2.538387,11.866458999999999,20.673974,212.24004147883497,346.7269814930058,441.8662109375,441.8671875,13047.078914291329,13905.914879039678,valkey,0.211,0.028
cache-pipeline,django-sync,gunicorn-sync,1,2,complete,3409.670780343765,17.243428,22.895807,45.577363000000005,69.74237831020207,88.0273352648139,129.46875,129.46875,3160.748476828724,3658.5930838588056,valkey,0.063,0.016
cache-pipeline,django-sync,gunicorn-sync,4,2,complete,10400.630728055563,5.541866,7.718617,16.854786999999998,245.0045456923119,271.1215017404479,437.3046875,437.3046875,10113.6534618402,10687.607994270928,valkey,0.181,0.049
cache-pipeline,django-sync,uvicorn,1,2,complete,1420.4429643531269,41.238703,83.792298,107.4298615,97.0155807234382,103.03894567412394,153.30008877840908,154.84765625,1363.5756113844197,1477.310317321834,valkey,0.041,0.004
cache-pipeline,django-sync,uvicorn,4,2,complete,3717.2384428152845,16.331862,25.7647555,30.921248500000004,285.02976560979937,357.99093036961165,540.796484375,542.8203125,3558.553082447623,3875.9238031829454,valkey,0.097,0.011
cache-pipeline,drf,gunicorn-gthread,1,2,complete,3050.0358847631487,20.351937,23.4547885,27.6532275,84.58045834744031,102.92320431899216,137.59576822916665,137.60546875,2977.8719664563446,3122.1998030699533,valkey,0.058,0.01
cache-pipeline,drf,gunicorn-gthread,4,2,complete,9327.435724761668,6.104896,11.5000465,28.3005225,321.59583458116504,347.8413649655331,467.5810546875,467.890625,8899.827528462361,9755.043921060975,valkey,0.174,0.024
cache-pipeline,drf,gunicorn-sync,1,2,complete,2800.904550278606,21.8599095,27.4611735,31.042362500000003,74.85045682635581,91.09659123960601,134.61979166666669,134.66015625,2706.4051820254513,2895.403918531761,valkey,0.053,0.015
cache-pipeline,drf,gunicorn-sync,4,2,complete,8194.997953946664,7.743629,11.036526,14.663943,267.1979759200245,290.69829693336624,457.79361979166663,457.806640625,6203.303444356116,10186.69246353721,valkey,0.164,0.042
cache-pipeline,ninja,uvicorn,1,2,complete,1681.1542988622712,37.029644000000005,57.873382,87.95936649999999,94.98838298915801,102.71535836032572,141.42109375,142.63671875,1571.0308464166749,1791.2777513078674,valkey,0.04,0.005
cache-pipeline,ninja,uvicorn,4,2,complete,4904.873217615555,12.235854,19.1192285,24.951380999999998,309.26728127003787,363.35342484630155,549.95263671875,551.357421875,4692.723602624933,5117.022832606177,valkey,0.096,0.013
cache-read,adrf,uvicorn,1,2,complete,1570.4288715343191,37.364285499999994,86.25454199999999,105.20268899999999,95.18507289077877,105.5544339355309,140.826484375,141.82421875,1557.693106260134,1583.1646368085044,valkey,0.032,0.004
cache-read,adrf,uvicorn,4,2,complete,4091.458007872774,14.805694500000001,23.3117885,31.648985000000003,346.75578407192944,385.23346491525183,535.1475423177084,537.02734375,3948.0575997907094,4234.858415954838,valkey,0.072,0.009
cache-read,aiodrf,uvicorn,1,2,complete,1891.6129723414638,32.64120750000001,51.603039,78.4680085,98.14360286584765,105.48362457355928,138.529296875,139.82421875,1879.0281827116626,1904.1977619712648,valkey,0.033,0.004
cache-read,aiodrf,uvicorn,4,2,complete,5476.133747215737,11.124941999999999,17.091403,21.87169,349.0121883553306,378.3828342123225,530.2772623697916,531.951171875,5434.794600340848,5517.472894090625,valkey,0.082,0.011
cache-read,aiodrf-tuned,uvicorn,1,2,complete,2861.323288711378,21.0266935,31.2642145,59.791943,97.14852726336284,105.41867089309235,133.616015625,134.50390625,2816.6696885772612,2905.9768888454955,valkey,0.046,0.005
cache-read,aiodrf-tuned,uvicorn,4,2,complete,8137.028174219724,7.5110209999999995,11.3970515,14.355325,344.42579506218794,394.8724398436708,527.2831640625,528.6484375,8123.308474939283,8150.747873500164,valkey,0.114,0.013
cache-read,bolt,bolt-native,1,2,complete,15987.794932324123,3.5369255,4.4709615,30.357110999999996,95.06217712315161,105.51551155544956,186.130703125,186.138671875,15890.736788855442,16084.853075792804,valkey,0.22,0.017
cache-read,bolt,bolt-native,4,2,complete,52665.72450098676,1.138592,1.9787765,2.492207,376.4046000326151,414.80985832770796,734.9769140625,735.26953125,52579.49119073136,52751.957811242166,valkey,0.657,0.062
cache-read,django,uvicorn,1,2,complete,2104.4263262702825,29.026992,45.203418,71.43787600000002,97.55753712141663,105.47606056643818,131.606640625,132.935546875,2078.7965667524154,2130.05608578815,valkey,0.035,0.004
cache-read,django,uvicorn,4,2,complete,6201.420050631714,9.847513,14.677143000000001,18.004716499999997,343.9902190113769,384.94601351436324,507.7028125,510.046875,6200.649733701828,6202.1903675616,valkey,0.089,0.011
cache-read,django-sync,gunicorn-gthread,1,2,complete,4694.641694391357,13.46763,15.198844,17.485115999999998,96.23550024907922,105.43181122452572,130.859609375,130.86328125,4685.46907806157,4703.814310721145,valkey,0.075,0.01
cache-read,django-sync,gunicorn-gthread,4,2,complete,13760.4456113929,4.3472725,10.139416,11.641532,371.76650776107766,401.84170936913256,441.98225260416666,442.013671875,12217.186955775545,15303.704267010256,valkey,0.215,0.03
cache-read,django-sync,gunicorn-sync,1,2,complete,3956.4121281657526,15.2195765,23.0276125,26.50214,81.86027715491824,91.08884892289424,129.35546875,129.35546875,3831.8739901145486,4080.9502662169566,valkey,0.07,0.018
cache-read,django-sync,gunicorn-sync,4,2,complete,13496.552410638986,4.3820175,6.329117500000001,8.811112,311.1569412232766,363.83962423482797,437.205078125,437.205078125,13280.104887692049,13712.999933585923,valkey,0.218,0.079
cache-read,django-sync,uvicorn,1,2,complete,1511.6069285332092,38.717107,77.8991555,97.814979,97.27303526813843,105.36371866116897,154.981015625,157.033203125,1496.013198016976,1527.2006590494423,valkey,0.034,0.003
cache-read,django-sync,uvicorn,4,2,complete,4483.172353562752,13.355128500000001,21.930442499999998,27.050243000000002,350.0637738778553,382.1967075947282,569.2721875,579.79296875,4441.541059078187,4524.803648047316,valkey,0.082,0.009
cache-read,drf,gunicorn-gthread,1,2,complete,3521.134340581307,17.62607,20.680045,40.598594000000006,95.91874848659424,105.59878845672459,137.921015625,137.99609375,3463.31715801616,3578.9515231464534,valkey,0.061,0.008
cache-read,drf,gunicorn-gthread,4,2,complete,10724.002209080889,3.5494645,17.379986,20.34824,376.6728998384394,401.39894631986084,467.02701822916663,468.640625,10335.427778042356,11112.576640119423,valkey,0.167,0.022
cache-read,drf,gunicorn-sync,1,2,complete,2927.060828526849,22.9439965,26.166283,33.097969500000005,86.06709749079864,93.55977197514437,134.795078125,135.005859375,2512.161180961403,3341.9604760922953,valkey,0.055,0.014
cache-read,drf,gunicorn-sync,4,2,complete,10253.469801030356,5.606016499999999,9.029982500000001,11.620288,315.9672400331747,371.1846011736008,458.518173828125,459.326171875,10175.438122613848,10331.501479446864,valkey,0.168,0.047
cache-read,ninja,uvicorn,1,2,complete,1984.5919499237302,30.7463325,45.4147085,80.795028,97.673237587918,103.16173356566301,142.4,143.75390625,1970.2221218180562,1998.961778029404,valkey,0.035,0.004
cache-read,ninja,uvicorn,4,2,complete,5762.103731990582,10.654859,15.992199,19.8148895,345.5227953999259,381.11021255275745,555.4480891927083,557.716796875,5730.651152367086,5793.5563116140775,valkey,0.087,0.011
cache-read-many,adrf,uvicorn,1,2,complete,1383.0457643635227,42.866974,55.511046500000006,124.941509,96.5748788766912,105.64307537366213,142.7940625,143.90625,1349.2556367921036,1416.8358919349419,valkey,0.031,0.004
cache-read-many,adrf,uvicorn,4,2,complete,3983.046137093853,15.1976985,22.2028195,30.882957499999996,347.82151445702027,388.30415945003267,536.8943359375,540.064453125,3839.4840665165566,4126.608207671149,valkey,0.076,0.009
cache-read-many,aiodrf,uvicorn,1,2,complete,1619.9588551371473,38.1616475,67.2927265,97.67494450000001,98.54561491584724,105.31551422095659,137.871953125,138.921875,1520.979950386823,1718.9377598874717,valkey,0.034,0.004
cache-read-many,aiodrf,uvicorn,4,2,complete,4843.78583039572,12.5815525,19.675161000000003,24.7199685,352.4418224330185,390.0290309358152,530.2352701822917,531.93359375,4416.046679767643,5271.524981023797,valkey,0.093,0.01
cache-read-many,aiodrf-tuned,uvicorn,1,2,complete,2348.358844873003,26.3627965,36.3710655,72.8853985,96.56034089242519,105.53428634845798,133.189609375,133.814453125,2193.52688580405,2503.190803941956,valkey,0.042,0.005
cache-read-many,aiodrf-tuned,uvicorn,4,2,complete,7413.581273896435,8.1536665,12.2187185,15.2176735,357.4425522803175,407.4373966824477,527.268798828125,528.580078125,7297.897696093861,7529.264851699009,valkey,0.128,0.013
cache-read-many,bolt,bolt-native,1,2,complete,9826.394091388818,5.9384115,7.303396,33.880703,95.68795242841912,107.88337843889666,186.88968749999998,186.9140625,9720.876314352392,9931.911868425244,valkey,0.17,0.011
cache-read-many,bolt,bolt-native,4,2,complete,31157.627816240732,2.037652,3.037311,4.1978225,375.82137869472695,412.0002995086133,736.3819401041667,736.3984375,30177.789142435202,32137.466490046263,valkey,0.522,0.041
cache-read-many,django,uvicorn,1,2,complete,1735.341125470788,35.972604000000004,59.675514,86.5845685,97.6699227130317,103.42374848398723,130.671533203125,131.83984375,1575.437902960955,1895.2443479806211,valkey,0.039,0.004
cache-read-many,django,uvicorn,4,2,complete,5345.517970952054,11.435212,17.88025,22.1739065,351.37220625912096,381.22645909113794,507.20231119791663,509.205078125,5028.3132897991845,5662.722652104923,valkey,0.093,0.011
cache-read-many,django-sync,gunicorn-gthread,1,2,complete,4112.136936984952,15.420125500000001,17.275261,18.551602000000003,94.98527780984764,105.53099345579847,130.93460937499998,130.9375,4053.771227218991,4170.502646750912,valkey,0.083,0.009
cache-read-many,django-sync,gunicorn-gthread,4,2,complete,14173.970596917687,2.3122565,12.5221245,14.660466500000002,390.19628528567307,410.1903705834257,442.229248046875,442.248046875,14140.745670283986,14207.195523551389,valkey,0.256,0.028
cache-read-many,django-sync,gunicorn-sync,1,2,complete,3260.3465431690056,18.1102255,25.522693500000003,31.0152755,83.83098649223638,93.82125669121089,129.39453125,129.39453125,2944.1989769184684,3576.494109419543,valkey,0.07,0.015
cache-read-many,django-sync,gunicorn-sync,4,2,complete,12256.47333009783,4.985854,6.557325499999999,9.967352000000002,322.0483161343793,363.6007971753101,436.931640625,436.931640625,11867.784650682013,12645.162009513648,valkey,0.234,0.057
cache-read-many,django-sync,uvicorn,1,2,complete,1456.558212008054,40.255342,76.00814199999999,103.5052005,97.69553787597711,105.5192057490791,153.868828125,156.166015625,1437.5962119337034,1475.5202120824042,valkey,0.038,0.003
cache-read-many,django-sync,uvicorn,4,2,complete,3808.0422117096387,16.2252005,24.2309955,29.4703595,338.8050028294501,377.40128449806116,555.3130696614583,568.30859375,3465.483398655924,4150.601024763353,valkey,0.086,0.009
cache-read-many,drf,gunicorn-gthread,1,2,complete,3035.4059941209725,20.484199,23.653799999999997,39.818375,96.61759481107515,105.4188608748233,137.97625,138.02734375,3026.8724987955197,3043.939489446425,valkey,0.062,0.007
cache-read-many,drf,gunicorn-gthread,4,2,complete,9471.652594586205,1.666862,23.7148085,27.2311345,375.1794304140315,410.70851062899374,466.5018717447917,468.22265625,9310.902462043252,9632.402727129158,valkey,0.183,0.021
cache-read-many,drf,gunicorn-sync,1,2,complete,2925.3600259821214,21.283896,25.713779499999998,31.56005,84.94568441407777,95.941114004985,134.356640625,134.357421875,2833.3953175636257,3017.324734400617,valkey,0.064,0.014
cache-read-many,drf,gunicorn-sync,4,2,complete,9388.941273681976,6.3246845,8.869831999999999,12.354232,324.22044167945336,371.5564385254072,457.00224609375,457.00390625,9202.29738545199,9575.585161911964,valkey,0.181,0.045
cache-read-many,ninja,uvicorn,1,2,complete,1750.2197517038717,35.382651499999994,51.469658,82.17612299999999,96.16947840259226,102.91326247102904,142.14109374999998,143.4609375,1684.3738212333444,1816.0656821743992,valkey,0.037,0.004
cache-read-many,ninja,uvicorn,4,2,complete,5077.5880144331095,12.135895999999999,18.490618,22.5727725,346.9700221614481,394.63576550109923,553.3134440104167,555.4140625,4829.001009826217,5326.175019040003,valkey,0.093,0.011
cache-write,adrf,uvicorn,1,2,complete,1353.5777867748639,43.612596999999994,90.5035035,133.4919425,95.411727124958,102.8884236081461,140.8756310096154,141.640625,1144.048190726684,1563.1073828230435,valkey,0.038,0.005
cache-write,adrf,uvicorn,4,2,complete,3819.230466829197,15.762704500000002,24.57533,31.998837,290.24352631562044,357.46249525575195,531.9052734375,533.9453125,3514.723161851892,4123.737771806502,valkey,0.059,0.011
cache-write,aiodrf,uvicorn,1,2,complete,1692.6830693097572,36.0704125,68.892509,95.327765,93.61152739225714,100.55893334548594,137.24051649305557,138.4296875,1564.6437395754763,1820.7223990440382,mongodb,0.041,0.005
cache-write,aiodrf,uvicorn,4,2,complete,5092.367284404545,12.148419,17.927428,29.8532485,321.2799629468625,369.22071765424937,527.16845703125,528.7890625,4438.787988407111,5745.946580401979,valkey,0.071,0.014
cache-write,aiodrf-tuned,uvicorn,1,2,complete,2761.0344242888204,21.5980105,30.688595999999997,63.756203,93.0611823193266,100.74956731718802,132.85319010416666,133.611328125,2613.13947991542,2908.9293686622213,valkey,0.054,0.007
cache-write,aiodrf-tuned,uvicorn,4,2,complete,7223.303078019115,8.4455545,12.908017000000001,16.879001499999998,287.95780128188835,321.6830506695459,525.3899739583333,525.93359375,6580.371167371115,7866.234988667115,valkey,0.091,0.017
cache-write,bolt,bolt-native,1,2,complete,13933.339262902231,4.002988500000001,5.0412765,23.569190000000003,51.098825101081246,92.46923638719664,185.115234375,185.123046875,13705.888437549413,14160.790088255048,valkey,0.183,0.023
cache-write,bolt,bolt-native,4,2,complete,37913.37295075832,1.0951735,2.75762,15.247881499999998,175.00786827042495,175.00786827042495,736.404296875,736.404296875,31482.357507229448,44344.38839428718,valkey,0.318,0.041
cache-write,django,uvicorn,1,2,complete,1829.2739627701267,32.685452999999995,75.008787,92.292926,96.78226669813712,102.57034174557253,130.1525948660714,131.2265625,1560.5303530443946,2098.017572495859,valkey,0.04,0.005
cache-write,django,uvicorn,4,2,complete,5217.903184569466,11.996827,20.4793905,24.865577000000002,290.9512762917574,331.70249101867387,500.33479817708337,501.75390625,4099.551244946051,6336.255124192881,valkey,0.097,0.014
cache-write,django-sync,gunicorn-gthread,1,2,complete,4253.495586925574,14.797033500000001,16.5858415,18.0496635,91.85628261922884,100.43065872210202,130.9443359375,130.9453125,4154.202731435377,4352.788442415769,valkey,0.065,0.013
cache-write,django-sync,gunicorn-gthread,4,2,complete,13944.467708698248,3.2341040000000003,9.421173,15.476433499999999,204.95228661352934,346.15060939194393,442.228515625,442.228515625,12115.30161624908,15773.633801147414,valkey,0.198,0.034
cache-write,django-sync,gunicorn-sync,1,2,complete,3760.481463712887,15.7081565,23.5246305,37.7425695,71.32189263178168,85.60261437826472,129.349609375,129.349609375,3511.0290862415377,4009.9338411842364,valkey,0.092,0.02
cache-write,django-sync,gunicorn-sync,4,2,complete,12518.890178984197,4.626737,6.107093000000001,16.8002015,213.3759491490029,313.54610628846973,437.33203125,437.33203125,10812.735010064871,14225.045347903522,valkey,0.223,0.055
cache-write,django-sync,uvicorn,1,2,complete,1385.8657108848952,43.1154615,88.4090735,129.443846,96.03668122695586,102.71975729118356,153.001171875,155.181640625,1201.4504842571528,1570.2809375126376,valkey,0.037,0.004
cache-write,django-sync,uvicorn,4,2,complete,4369.460974091295,14.009674,21.0794875,25.155175999999997,311.19372687316695,365.036598991162,545.5830078125,548.623046875,4227.614690377638,4511.307257804951,valkey,0.085,0.011
cache-write,drf,gunicorn-gthread,1,2,complete,3321.948381806549,18.632669999999997,21.117534,30.0080405,92.89409073827427,101.51196382438758,137.90390625,137.91015625,3215.5083091130264,3428.3884545000724,valkey,0.066,0.011
cache-write,drf,gunicorn-gthread,4,2,complete,8450.714938120946,2.0089675,20.964845,33.702152999999996,279.29534007639404,362.1585649494094,464.46614583333337,464.71484375,6769.803296008715,10131.626580233175,valkey,0.121,0.022
cache-write,drf,gunicorn-sync,1,2,complete,2539.614073049186,25.958617,30.518879,39.0782495,83.1144153498411,93.23573238306389,134.69267578125,134.736328125,1909.3224128712968,3169.9057332270754,valkey,0.06,0.015
cache-write,drf,gunicorn-sync,4,2,complete,9183.642996152674,6.878341499999999,8.8881995,13.8186295,222.5831321900921,295.6078748302026,458.02180989583337,458.03515625,7225.273706855193,11142.012285450155,valkey,0.135,0.046
cache-write,ninja,uvicorn,1,2,complete,1808.3563970643027,32.654261,72.7052635,93.9910685,97.06200970812613,102.72112898908586,141.92605251736111,143.033203125,1645.902856898652,1970.8099372299532,valkey,0.037,0.005
cache-write,ninja,uvicorn,4,2,complete,5677.710664542319,10.610715500000001,16.7864595,20.9075805,332.3478075222705,361.67770753606766,551.197265625,552.783203125,5661.216126408163,5694.205202676475,valkey,0.101,0.014
db,adrf,uvicorn,1,2,complete,376.41489286025217,167.306924,195.3338085,241.541084,98.25787107475276,105.25827386244097,140.73390625,142.177734375,356.5496309684641,396.2801547520403,postgres,0.027,0.002
db,adrf,uvicorn,4,2,complete,1035.9295774455709,59.737035500000005,81.9101805,95.91852449999999,362.2290795207857,385.0235547819712,546.1641438802083,553.056640625,1026.7146294129047,1045.144525478237,postgres,0.06,0.004
db,aiodrf,uvicorn,1,2,complete,1014.274863513335,61.6445965,71.9907485,108.631737,96.99262334782011,105.42624855130681,131.010078125,131.76171875,980.4482723175047,1048.1014547091654,postgres,0.041,0.004
db,aiodrf,uvicorn,4,2,complete,2466.284618952711,24.816204,38.81504,47.4642905,327.01286417095207,378.6444624505101,541.7864583333334,544.5078125,2341.369118128209,2591.2001197772124,postgres,0.12,0.007
db,aiodrf-tuned,uvicorn,1,2,complete,1617.019414651447,39.441111500000005,44.4746205,47.381302500000004,96.2647553789048,106.38344253961577,129.963203125,130.494140625,1598.470995788443,1635.5678335144512,postgres,0.052,0.004
db,aiodrf-tuned,uvicorn,4,2,complete,4597.963799853049,13.622907000000001,20.462699999999998,24.650982,370.2986811836331,402.6230946117382,541.736572265625,542.552734375,4320.1052884261735,4875.822311279925,postgres,0.185,0.011
db,bolt,bolt-native,1,2,complete,3645.3786941137923,17.214146,19.687921,21.9951175,94.24518693608957,105.90383674437854,185.49406249999998,185.51953125,3574.9104216706505,3715.8469665569346,postgres,0.093,0.005
db,bolt,bolt-native,4,2,complete,10346.306395439025,6.057435999999999,8.376891,9.9053865,311.1164442337612,352.99787899710725,748.159619140625,748.720703125,10012.4571971023,10680.155593775751,postgres,0.286,0.015
db,django,uvicorn,1,2,complete,1365.4039002533132,45.976931500000006,53.348871,81.353624,95.94353124507569,105.14067378601655,125.10046875,125.685546875,1359.4454193729537,1371.362381133673,postgres,0.05,0.004
db,django,uvicorn,4,2,complete,3693.9300047853994,17.120388,24.7028545,30.348927500000002,359.2394433046096,389.3789327944736,515.8487141927084,518.775390625,3581.2206453278172,3806.639364242982,postgres,0.154,0.009
db,django-sync,gunicorn-gthread,1,2,complete,2467.1549300908173,25.589416999999997,28.870277,31.2809825,95.9506511976411,105.38216291900974,134.84921875,134.8515625,2404.9579247180523,2529.351935463583,postgres,0.077,0.007
db,django-sync,gunicorn-gthread,4,2,complete,8135.8330140767375,6.653477499999999,18.5701615,21.5027505,381.7990894266957,416.12138142024605,457.373544921875,457.400390625,7648.721016428334,8622.94501172514,postgres,0.263,0.019
db,django-sync,gunicorn-sync,1,2,complete,2132.123617588698,29.3412535,35.2506695,38.7597205,84.43984731631734,91.24054770176865,133.34476562499998,133.349609375,2047.309500731943,2216.9377344454533,postgres,0.062,0.011
db,django-sync,gunicorn-sync,4,2,complete,7134.95347228896,8.8066845,10.6297,11.960127,335.0603364706712,365.40879086379385,452.69816080729163,452.703125,6650.293109633125,7619.6138349447965,postgres,0.216,0.038
db,django-sync,uvicorn,1,2,complete,1318.836111030043,47.566859,56.874914000000004,79.72580400000001,95.77928795314408,105.21125878312279,125.2409375,125.65625,1298.1291403445666,1339.543081715519,postgres,0.053,0.004
db,django-sync,uvicorn,4,2,complete,3728.3179846296343,16.698637,24.0185255,30.602215,352.9088344308582,391.80720293572284,516.994189453125,519.546875,3574.3870648406523,3882.248904418617,postgres,0.156,0.009
db,drf,gunicorn-gthread,1,2,complete,1684.0395372434577,37.072987999999995,42.6273075,63.692603500000004,97.58404722698515,105.59028590250085,142.55640625,142.591796875,1679.119621148695,1688.9594533382203,postgres,0.053,0.005
db,drf,gunicorn-gthread,4,2,complete,5407.790183495344,6.0309420000000005,33.5558975,39.589861,385.22662808992914,413.26510780026274,486.8578190104166,489.328125,5173.259014955226,5642.321352035461,postgres,0.195,0.014
db,drf,gunicorn-sync,1,2,complete,1519.0011980130978,41.553641,45.957748499999994,48.7316165,89.73399104100103,95.41397483400516,139.10300455729168,139.439453125,1476.3346685601207,1561.667727466075,postgres,0.052,0.009
db,drf,gunicorn-sync,4,2,complete,4912.93681181475,12.464256500000001,16.456089,18.673348500000003,342.9405551621573,376.5898990704132,475.966552734375,477.0390625,4792.062085894176,5033.811537735326,postgres,0.158,0.026
db,ninja,uvicorn,1,2,complete,1152.7570072904873,54.697695,63.2014815,97.61498850000001,95.76495359629348,102.90301646489682,136.393828125,137.06640625,1041.8799867704395,1263.6340278105354,postgres,0.052,0.004
db,ninja,uvicorn,4,2,complete,3528.199334803282,18.211091,26.3706095,31.50985,359.55531177375855,388.9424142956208,564.4609375,566.806640625,3507.882025888042,3548.5166437185226,postgres,0.141,0.008
db-cache-hit,adrf,uvicorn,1,2,complete,1522.8506737309517,38.686415499999995,66.3007285,111.57649599999999,96.98075350868197,105.5303661022979,145.35015625,145.994140625,1494.0401384635595,1551.661208998344,valkey,0.029,0.004
db-cache-hit,adrf,uvicorn,4,2,complete,4160.755932877644,14.630681500000001,20.793163999999997,26.587215,348.7564167423411,390.2089936222037,544.0816243489583,547.4609375,4008.7242086106467,4312.787657144641,valkey,0.07,0.009
db-cache-hit,aiodrf,uvicorn,1,2,complete,1387.0856683756206,45.299766000000005,90.4425195,133.49748699999998,98.4651206749403,101.99037923874795,138.624462890625,139.78515625,1039.1104467442628,1735.0608900069785,valkey,0.035,0.004
db-cache-hit,aiodrf,uvicorn,4,2,complete,4962.436072358087,12.2171785,20.5580885,26.4552385,347.99055102812054,379.603725770948,536.0631510416667,537.935546875,4774.795040580696,5150.0771041354765,valkey,0.081,0.011
db-cache-hit,aiodrf-tuned,uvicorn,1,2,complete,2491.21532397927,24.6705665,36.996652499999996,67.1923,97.47467119450673,105.06296963373936,133.34882161458333,134.1875,2162.2959203516334,2820.134727606907,valkey,0.048,0.005
db-cache-hit,aiodrf-tuned,uvicorn,4,2,complete,7736.766726472106,7.926235499999999,12.408639,15.555733,346.0153917745933,399.4591859052812,528.6021451822917,529.703125,7285.779504934635,8187.753948009576,valkey,0.116,0.014
db-cache-hit,bolt,bolt-native,1,2,complete,13140.313193048296,4.1613235,6.7433285000000005,33.125408,97.16776628194091,107.1907203359352,187.03269205729168,187.0625,10613.684840323353,15666.941545773238,valkey,0.21,0.018
db-cache-hit,bolt,bolt-native,4,2,complete,49231.32406637787,1.205895,2.09284,2.611606,367.1137199587456,413.1656087112257,734.773359375,734.787109375,48457.14348559616,50005.504647159585,valkey,0.635,0.059
db-cache-hit,django,uvicorn,1,2,complete,1903.2698581282098,31.9896665,50.905764000000005,88.80514149999999,96.38094101738524,102.94893095229962,131.52492187500002,132.787109375,1760.8917041464567,2045.6480121099626,valkey,0.037,0.004
db-cache-hit,django,uvicorn,4,2,complete,5823.09796213181,10.592251,17.353981500000003,21.538041999999997,352.70390711729834,373.0530769065179,506.8507486979167,508.99609375,5809.223855550229,5836.972068713391,valkey,0.09,0.011
db-cache-hit,django-sync,gunicorn-gthread,1,2,complete,4333.112591568966,14.6138665,16.53749,17.872747,95.12559429403117,105.06612312105402,130.895234375,130.8984375,4318.847234815571,4347.3779483223625,valkey,0.078,0.01
db-cache-hit,django-sync,gunicorn-gthread,4,2,complete,14458.17700302388,1.538317,14.939481999999998,17.0214475,367.25519168095855,413.3006666440117,441.9240625,441.970703125,13205.80121838402,15710.552787663742,valkey,0.22,0.029
db-cache-hit,django-sync,gunicorn-sync,1,2,complete,4007.9518182850243,15.405391000000002,18.262033000000002,25.4631715,82.5285922088126,91.14925157260564,129.365234375,129.365234375,3951.7802399993807,4064.1233965706674,valkey,0.068,0.018
db-cache-hit,django-sync,gunicorn-sync,4,2,complete,12372.20391354578,4.7867465,7.437469,10.352105000000002,315.60481167636175,368.7557776622822,437.060546875,437.060546875,11091.210612867628,13653.197214223932,valkey,0.205,0.066
db-cache-hit,django-sync,uvicorn,1,2,complete,1447.5658023827464,40.453811,77.993882,107.561334,95.26646480014603,105.30632199301897,154.76296875,156.923828125,1443.366385907014,1451.7652188584786,valkey,0.036,0.004
db-cache-hit,django-sync,uvicorn,4,2,complete,4258.888686949017,14.372982499999999,21.454829500000002,26.790232500000002,353.1287373023178,385.22930296338814,563.0161946614583,573.65625,4131.15135570121,4386.626018196824,valkey,0.081,0.009
db-cache-hit,drf,gunicorn-gthread,1,2,complete,3275.50695820853,18.956012,22.129208000000002,45.112514,97.68279064096473,105.40540352891287,138.32290690104168,138.37890625,3122.9230212545044,3428.0908951625547,valkey,0.065,0.009
db-cache-hit,drf,gunicorn-gthread,4,2,complete,9954.314664667245,6.344765500000001,15.2349225,18.1009215,356.4601544465255,395.7690376735227,470.00601562500003,471.388671875,8643.867354941362,11264.761974393128,valkey,0.165,0.021
db-cache-hit,drf,gunicorn-sync,1,2,complete,3098.252269256267,19.763033999999998,24.6080875,30.2566615,87.36519598555755,93.48962797707514,134.5,134.5,3012.223380975409,3184.2811575371247,valkey,0.054,0.014
db-cache-hit,drf,gunicorn-sync,4,2,complete,10532.359806687818,5.720366,7.841162,10.3768905,326.8791628943395,374.0246779990732,457.499921875,457.501953125,10494.37582016846,10570.34379320718,valkey,0.171,0.048
db-cache-hit,ninja,uvicorn,1,2,complete,1898.396515307828,32.06449,49.8777115,86.377775,97.37318627249812,100.85808857690128,143.623046875,145.15625,1829.3980273464394,1967.3950032692164,valkey,0.031,0.004
db-cache-hit,ninja,uvicorn,4,2,complete,5643.235674791221,10.781425500000001,16.5244395,20.7647455,350.0422447626015,396.3489530689626,555.1026074218751,557.193359375,5580.377179086235,5706.094170496207,valkey,0.092,0.011
db-cache-miss,adrf,uvicorn,1,2,complete,929.3846202030277,67.2941445,78.20189300000001,124.58427649999999,96.158730239308,105.02895000807058,140.25375,141.357421875,903.2228871149043,955.5463532911509,postgres,0.041,0.003
db-cache-miss,adrf,uvicorn,4,2,complete,2489.645071984087,24.927603500000004,35.397863,42.6898495,349.57437348494807,389.1627779610493,553.98169921875,556.150390625,2357.321594811107,2621.968549157067,postgres,0.11,0.007
db-cache-miss,aiodrf,uvicorn,1,2,complete,1016.7795478452799,62.6053175,72.47415000000001,92.0229365,96.06556811263158,105.29397309085866,131.568046875,132.25390625,944.2302510775938,1089.328844612966,postgres,0.045,0.004
db-cache-miss,aiodrf,uvicorn,4,2,complete,2968.8686038572696,21.111883,29.606248,35.1677335,345.18181669717944,390.17339975471475,541.093115234375,542.708984375,2914.103804017342,3023.6334036971966,postgres,0.129,0.007
db-cache-miss,aiodrf-tuned,uvicorn,1,2,complete,1491.523900114726,42.241955000000004,51.7785425,63.622046,96.58145416631422,105.66140270765166,130.12007812500002,130.685546875,1423.9365132310118,1559.1112869984404,postgres,0.056,0.005
db-cache-miss,aiodrf-tuned,uvicorn,4,2,complete,3685.03844347912,17.0104755,24.511558,28.936846000000003,354.8927951612955,385.07445619208136,540.7274576822916,541.615234375,3433.500319748457,3936.5765672097828,postgres,0.16,0.009
db-cache-miss,bolt,bolt-native,1,2,complete,2948.223873532067,21.446459500000003,28.0538825,35.053078,95.35824397838667,103.7394901477264,185.858046875,185.943359375,2805.919639094244,3090.5281079698907,valkey,0.103,0.005
db-cache-miss,bolt,bolt-native,4,2,complete,9213.68658263054,6.5669895,10.702491,13.3042695,376.6713760514714,412.4799828404225,750.194599609375,750.279296875,9101.057121971358,9326.316043289722,valkey,0.303,0.013
db-cache-miss,django,uvicorn,1,2,complete,1100.6291939383566,57.76993949999999,66.8997955,93.4309845,95.46706936018374,102.96425418126174,125.85640624999999,127.1796875,1033.890303331951,1167.3680845447623,postgres,0.048,0.004
db-cache-miss,django,uvicorn,4,2,complete,3191.8513330622313,19.8108375,26.5479145,30.5943745,357.5618904078709,395.66850584687984,513.5748697916667,515.25390625,3079.905038179373,3303.7976279450895,postgres,0.131,0.007
db-cache-miss,django-sync,gunicorn-gthread,1,2,complete,2138.4666343384242,29.571012500000002,33.486472000000006,35.945583,96.93988832261782,103.10306303031697,135.164921875,135.166015625,2111.056888658445,2165.876380018404,valkey,0.076,0.006
db-cache-miss,django-sync,gunicorn-gthread,4,2,complete,5634.906896758488,8.773798,29.128259999999997,32.236707,368.96301422038084,398.6321725471007,458.7516276041667,458.818359375,5153.531394530696,6116.282398986279,valkey,0.198,0.014
db-cache-miss,django-sync,gunicorn-sync,1,2,complete,1573.91529671011,39.5007835,47.657143500000004,53.748628499999995,76.46385007208275,86.23944319579027,133.369140625,133.369140625,1496.852666273435,1650.9779271467846,valkey,0.06,0.009
db-cache-miss,django-sync,gunicorn-sync,4,2,complete,5232.719975865295,11.590172500000001,16.0690005,20.7195435,295.63514724073093,332.9854212947632,453.38346679687504,453.384765625,4884.627183244629,5580.812768485961,valkey,0.186,0.029
db-cache-miss,django-sync,uvicorn,1,2,complete,993.3725609559679,62.22845650000001,77.56151299999999,123.44457249999999,95.54645821256275,103.04916024737076,145.4578125,147.24609375,990.9593020198666,995.7858198920692,valkey,0.043,0.004
db-cache-miss,django-sync,uvicorn,4,2,complete,2792.3073218207674,22.335619,34.2085085,45.5013905,352.72852175457115,393.6335043696148,557.1529947916667,567.240234375,2698.5197995550734,2886.0948440864613,postgres,0.125,0.007
db-cache-miss,drf,gunicorn-gthread,1,2,complete,1758.4275414180106,35.639835000000005,40.7362265,62.03799749999999,96.48917945206921,105.9289809942407,142.72578125,142.78515625,1693.7188233347786,1823.1362595012424,valkey,0.07,0.006
db-cache-miss,drf,gunicorn-gthread,4,2,complete,5601.290640835116,13.833035500000001,22.598122,27.864092499999998,384.79230495374577,414.5085027330073,487.70572916666663,489.916015625,5502.391340731391,5700.189940938842,postgres,0.206,0.014
db-cache-miss,drf,gunicorn-sync,1,2,complete,1407.699095497704,44.018634000000006,53.7373745,62.5323745,78.75215411569731,86.22836551382414,138.75492187499998,138.921875,1391.9045455189273,1423.4936454764807,valkey,0.055,0.009
db-cache-miss,drf,gunicorn-sync,4,2,complete,4888.356440119373,12.492102500000001,16.618250500000002,20.475323,306.3260888447381,339.368049177497,474.8766048177083,475.462890625,4745.048852300584,5031.664027938161,valkey,0.174,0.025
db-cache-miss,ninja,uvicorn,1,2,complete,1100.5974665460803,57.314452,66.875908,94.9583535,97.87445170157903,105.26566398822598,137.33513020833334,138.291015625,1058.1723455503288,1143.022587541832,valkey,0.046,0.004
db-cache-miss,ninja,uvicorn,4,2,complete,3090.385136715622,20.770296499999997,28.5142855,32.8165215,356.86141081853634,382.9582962039185,561.739013671875,563.28515625,3076.8327394652474,3103.9375339659964,postgres,0.133,0.007
elasticsearch-aggregate,adrf,uvicorn,1,2,complete,898.8574731332279,66.519601,132.591882,161.146113,95.18164676219617,103.59666955731731,138.65328125,139.69921875,851.4747742150936,946.2401720513623,elasticsearch,0.071,0.003
elasticsearch-aggregate,adrf,uvicorn,4,2,complete,2462.0235579364353,25.0372335,35.2074255,65.5688155,339.32162447943534,369.90773214755376,535.2684147135417,537.009765625,2409.269534472796,2514.777581400075,elasticsearch,0.197,0.006
elasticsearch-aggregate,aiodrf,uvicorn,1,2,complete,1000.7749351967175,59.18592,96.8426255,122.403952,97.55448349531449,102.89742116252769,133.1178125,134.26171875,986.6428495625007,1014.9070208309342,elasticsearch,0.074,0.003
elasticsearch-aggregate,aiodrf,uvicorn,4,2,complete,2872.555655610072,21.379951,29.9170175,42.520949,353.12742584661606,381.61502827314797,525.4657389322916,526.392578125,2846.7665545954865,2898.344756624657,elasticsearch,0.225,0.007
elasticsearch-aggregate,aiodrf-tuned,uvicorn,1,2,complete,1384.4633846571678,44.8311495,61.211224,87.35492500000001,97.6407455401953,105.41418143676475,130.343203125,130.75,1372.5622704536802,1396.3644988606552,elasticsearch,0.095,0.004
elasticsearch-aggregate,aiodrf-tuned,uvicorn,4,2,complete,3603.4659438924837,16.8364855,27.378924499999997,42.659516999999994,362.64971442775857,394.0124078329535,528.2355143229166,528.91015625,3380.4842546107225,3826.4476331742444,elasticsearch,0.286,0.009
elasticsearch-aggregate,bolt,bolt-native,1,2,complete,2350.4238521309207,26.480282000000003,30.152841000000002,54.836882,96.91450123044345,105.39576599922185,188.08890624999998,188.146484375,2346.6157981070105,2354.2319061548305,elasticsearch,0.147,0.006
elasticsearch-aggregate,bolt,bolt-native,4,2,complete,8180.916489907055,7.4215184999999995,12.359502,15.5063675,388.66678060197023,409.8557788822605,748.1033528645833,748.6171875,8117.707904940265,8244.125074873846,elasticsearch,0.562,0.013
elasticsearch-aggregate,django,uvicorn,1,2,complete,1130.206623516785,51.5562735,85.827968,112.2372595,96.37141133067264,105.58167986347,125.8396875,127.01171875,1126.4055904389606,1134.007656594609,elasticsearch,0.076,0.003
elasticsearch-aggregate,django,uvicorn,4,2,complete,2945.5500494190483,20.781921,30.463403,44.682625,345.79331640480916,379.4221170631083,500.49527994791663,501.771484375,2892.477253094578,2998.622845743519,elasticsearch,0.232,0.007
elasticsearch-aggregate,django-sync,gunicorn-gthread,1,2,complete,1789.1084940128408,34.835567499999996,40.606486000000004,57.886472499999996,96.60733600934057,106.03996745181192,132.7028125,132.734375,1766.200246047069,1812.0167419786123,elasticsearch,0.115,0.005
elasticsearch-aggregate,django-sync,gunicorn-gthread,4,2,complete,6102.196955675066,7.3316695,24.516912500000004,29.7467945,389.72496329297223,421.8288916745377,448.7915852864583,450.931640625,6095.653239361132,6108.740671989,elasticsearch,0.417,0.015
elasticsearch-aggregate,django-sync,gunicorn-sync,1,2,complete,1323.9097532011938,47.902865,51.698567,57.328699,68.2377293339898,76.70906349957474,130.082734375,130.1796875,1311.6213563088224,1336.1981500935651,elasticsearch,0.081,0.007
elasticsearch-aggregate,django-sync,gunicorn-sync,4,2,complete,4317.841055969893,14.506398999999998,16.85622,20.455624999999998,261.73687641747995,281.21673794034587,440.07511393229163,440.419921875,4239.181934832294,4396.500177107493,elasticsearch,0.312,0.024
elasticsearch-aggregate,django-sync,uvicorn,1,2,complete,1055.4547513840541,56.0345635,92.332052,123.3650255,94.93679714259709,105.25836219688826,129.5146875,131.16015625,999.8998773297968,1111.0096254383116,elasticsearch,0.077,0.003
elasticsearch-aggregate,django-sync,uvicorn,4,2,complete,2834.8957555090583,21.9025885,35.504262,49.6626365,334.52750242254297,379.2368607377051,503.88826497395837,505.30859375,2622.1564691346375,3047.635041883479,elasticsearch,0.226,0.007
elasticsearch-aggregate,drf,gunicorn-gthread,1,2,complete,1545.2228010811336,39.947677,48.1941925,73.04221999999999,97.8634828245772,104.16168913119326,139.232490234375,139.310546875,1490.823280554827,1599.6223216074402,elasticsearch,0.102,0.005
elasticsearch-aggregate,drf,gunicorn-gthread,4,2,complete,5211.9804982527185,8.30247,27.457752499999998,36.194149499999995,391.00320795360733,418.018266700133,475.7611490885417,478.05859375,5205.941497357664,5218.019499147774,elasticsearch,0.37,0.013
elasticsearch-aggregate,drf,gunicorn-sync,1,2,complete,1140.7675550709732,55.028878,63.90724949999999,69.110265,67.00485411142256,76.65665381659215,135.108671875,135.408203125,1061.362206828148,1220.1729033137988,elasticsearch,0.076,0.007
elasticsearch-aggregate,drf,gunicorn-sync,4,2,complete,3895.6691747621635,15.789514500000001,20.1820205,25.1671615,256.8016544943273,292.8390365891398,459.51054687500005,460.484375,3840.915690314189,3950.4226592101377,elasticsearch,0.281,0.021
elasticsearch-aggregate,ninja,uvicorn,1,2,complete,1099.1898180919566,53.572295499999996,88.854119,115.86453,98.03331161621986,102.31988918098844,137.91703125,138.87890625,1095.9461278193546,1102.4335083645583,elasticsearch,0.074,0.003
elasticsearch-aggregate,ninja,uvicorn,4,2,complete,2810.6779987871632,21.739094,32.7198385,44.747443000000004,341.5733880084168,378.71103111879563,548.1670670572917,549.59765625,2810.088336008486,2811.2676615658406,elasticsearch,0.228,0.007
elasticsearch-native-aggregate,adrf,uvicorn,1,2,complete,1047.8398447464215,55.8339935,116.472294,131.35382800000002,96.83754366609132,104.7209955584416,142.445,143.388671875,1029.2027667559605,1066.4769227368827,elasticsearch,0.071,0.003
elasticsearch-native-aggregate,adrf,uvicorn,4,2,complete,2950.7424336485183,20.4042205,30.4923245,64.2720015,360.8809000502796,395.03937366118464,543.3580729166666,545.958984375,2816.4829941200314,3085.001873177005,elasticsearch,0.23,0.007
elasticsearch-native-aggregate,aiodrf,uvicorn,1,2,complete,1177.1656999656898,50.3233795,93.8375895,110.3499845,98.69991709571917,105.49570030863381,140.845546875,142.095703125,1170.860617948448,1183.4707819829316,elasticsearch,0.07,0.003
elasticsearch-native-aggregate,aiodrf,uvicorn,4,2,complete,3363.6585699869547,17.908177,28.82405,54.1852485,356.3781969449085,392.44631491714443,541.149658203125,542.955078125,3285.463224459144,3441.853915514766,elasticsearch,0.251,0.008
elasticsearch-native-aggregate,aiodrf-tuned,uvicorn,1,2,complete,1551.521652518856,40.034355000000005,70.13171449999999,91.283147,97.59792965220248,105.40062590406845,135.862421875,136.609375,1545.1000974591618,1557.94320757855,elasticsearch,0.088,0.004
elasticsearch-native-aggregate,aiodrf-tuned,uvicorn,4,2,complete,4665.377817773952,13.973502499999999,20.7187035,28.364210999999997,373.9774478861691,410.93700720264917,535.482421875,536.478515625,4596.034210722254,4734.7214248256505,elasticsearch,0.331,0.01
elasticsearch-native-aggregate,bolt,bolt-native,1,2,complete,3547.192324955863,16.5944165,25.86024,52.141847999999996,95.75913390900925,105.48448360724532,191.984375,192.05078125,3472.6702769592366,3621.71437295249,elasticsearch,0.21,0.005
elasticsearch-native-aggregate,bolt,bolt-native,4,2,complete,10418.087184708518,5.925008,8.869254999999999,11.4991405,385.5937057053345,423.8087398874559,754.948486328125,755.2890625,10262.465557499983,10573.708811917051,elasticsearch,0.691,0.016
elasticsearch-native-aggregate,django,uvicorn,1,2,complete,1200.8525811389086,49.3792395,90.1648265,107.85475249999999,98.13831337984567,105.34881182969231,133.19101562499998,134.130859375,1142.177412123133,1259.5277501546839,elasticsearch,0.072,0.003
elasticsearch-native-aggregate,django,uvicorn,4,2,complete,3761.502653388472,16.0277325,24.4141465,37.772804,357.6090369186522,402.99494358551686,511.66533203125,513.087890625,3755.897789344872,3767.107517432072,elasticsearch,0.27,0.009
elasticsearch-native-aggregate,django-sync,gunicorn-gthread,1,2,complete,1811.6631950401274,34.274159999999995,40.0560165,58.8121115,95.49078299660025,105.63135744791683,132.74031250000002,132.751953125,1803.8422651181393,1819.4841249621159,elasticsearch,0.113,0.005
elasticsearch-native-aggregate,django-sync,gunicorn-gthread,4,2,complete,6007.379527888554,8.123550000000002,22.4682095,27.090573999999997,382.6435789558476,410.9273110830874,448.75341796875,450.185546875,5990.092612244376,6024.666443532731,elasticsearch,0.418,0.015
elasticsearch-native-aggregate,django-sync,gunicorn-sync,1,2,complete,1317.3329334763525,47.818599500000005,52.5629905,57.360299,67.85610292861341,76.18610375684946,130.10296875,130.201171875,1316.2551864903096,1318.4106804623957,elasticsearch,0.082,0.007
elasticsearch-native-aggregate,django-sync,gunicorn-sync,4,2,complete,4195.0968287345195,14.959292000000001,17.662802499999998,20.5590315,252.57397080821804,280.35840482524605,439.95625651041667,440.279296875,3984.5899046750956,4405.603752793943,elasticsearch,0.309,0.024
elasticsearch-native-aggregate,django-sync,uvicorn,1,2,complete,1059.4421587083905,56.004332000000005,88.7415355,113.1385515,97.42350292819471,105.35349398612509,129.082265625,130.34375,1014.1511627295368,1104.733154687244,elasticsearch,0.079,0.003
elasticsearch-native-aggregate,django-sync,uvicorn,4,2,complete,3044.713369455718,19.973505,30.536855000000003,43.77402,352.44060530921365,386.90753750648037,502.8350423177083,504.18359375,3017.299542763249,3072.1271961481866,elasticsearch,0.236,0.007
elasticsearch-native-aggregate,drf,gunicorn-gthread,1,2,complete,1595.7629022485064,38.680773,46.9108835,65.72580099999999,96.26674140395892,105.53819147452856,139.32,139.3515625,1590.741193899957,1600.784610597056,elasticsearch,0.1,0.005
elasticsearch-native-aggregate,drf,gunicorn-gthread,4,2,complete,5059.660955005837,10.507558,28.6501405,35.9650625,380.5486751805157,410.74305689245375,475.1358235677083,478.056640625,4876.762873040925,5242.55903697075,elasticsearch,0.357,0.013
elasticsearch-native-aggregate,drf,gunicorn-sync,1,2,complete,1221.6524977805757,51.910506,54.963052,58.3776725,69.86290122529246,79.09380969540345,135.56015624999998,136.03125,1218.179306347782,1225.1256892133697,elasticsearch,0.074,0.007
elasticsearch-native-aggregate,drf,gunicorn-sync,4,2,complete,4026.042978142973,15.4147675,18.839581000000003,20.62264,268.7448561571794,291.90212376381237,461.07746419270836,462.58203125,3973.9568771477993,4078.129079138147,elasticsearch,0.289,0.022
elasticsearch-native-aggregate,ninja,uvicorn,1,2,complete,1180.2195295200113,49.7960185,97.881903,115.609805,98.26925096872466,105.0803465711702,145.02195312499998,146.43359375,1168.159893898435,1192.2791651415876,elasticsearch,0.07,0.003
elasticsearch-native-aggregate,ninja,uvicorn,4,2,complete,3328.955347898903,18.624057,30.673652,42.742439,342.62467361544253,378.9223768216125,561.02685546875,562.779296875,3288.2363015175606,3369.674394280245,elasticsearch,0.248,0.008
elasticsearch-native-search,adrf,uvicorn,1,2,complete,1008.315952724306,58.0780675,116.48948100000001,127.416211,98.17765109693089,105.97615593216807,144.063359375,144.87109375,999.463407862865,1017.1684975857471,elasticsearch,0.082,0.003
elasticsearch-native-search,adrf,uvicorn,4,2,complete,2769.463532008898,21.5145955,33.547672500000004,68.98332099999999,363.9127716221075,400.6703099757388,547.6109212239583,549.22265625,2718.024237200638,2820.902826817158,elasticsearch,0.259,0.007
elasticsearch-native-search,aiodrf,uvicorn,1,2,complete,1083.1201184753893,52.754838,101.229386,123.257592,97.82124988049021,103.11787352778722,144.99203125,147.5625,1080.5104242176517,1085.729812733127,elasticsearch,0.08,0.003
elasticsearch-native-search,aiodrf,uvicorn,4,2,complete,2620.2531370390184,21.893575,40.1366855,74.2612575,329.39274380010215,385.793723505307,546.43896484375,548.30078125,2511.735824930418,2728.770449147619,elasticsearch,0.261,0.007
elasticsearch-native-search,aiodrf-tuned,uvicorn,1,2,complete,1414.0708146191525,43.8544555,81.5769235,92.64828800000001,98.7915427643963,106.96613101237949,137.9428125,138.591796875,1402.3927185795992,1425.7489106587059,elasticsearch,0.101,0.003
elasticsearch-native-search,aiodrf-tuned,uvicorn,4,2,complete,4323.391300708557,13.803725,20.8584465,50.906561499999995,377.03776490601786,408.1812687797642,540.6063639322917,541.302734375,4293.402917712674,4353.379683704439,elasticsearch,0.371,0.009
elasticsearch-native-search,bolt,bolt-native,1,2,complete,3103.2794289213607,18.5137275,33.215312499999996,62.399111500000004,95.41667333851268,103.7740493212326,198.98046875,199.296875,3064.254492628421,3142.304365214301,elasticsearch,0.222,0.005
elasticsearch-native-search,bolt,bolt-native,4,2,complete,8625.203828394217,7.019387,11.665333,18.9915425,387.5364249801189,421.41903021341557,759.5369466145833,760.2421875,8313.723303618202,8936.684353170232,elasticsearch,0.72,0.015
elasticsearch-native-search,django,uvicorn,1,2,complete,1101.0373056575243,52.7275335,103.6054275,122.3671795,96.93695313144312,105.03048721613621,136.82875,138.255859375,1016.3382127680612,1185.7363985469872,elasticsearch,0.084,0.003
elasticsearch-native-search,django,uvicorn,4,2,complete,3469.339974290272,16.9859415,26.2309775,58.9152625,368.85228149760013,396.20522845417656,515.9890950520833,517.572265625,3460.8996196289427,3477.780328951601,elasticsearch,0.31,0.008
elasticsearch-native-search,django-sync,gunicorn-gthread,1,2,complete,1683.8519589984514,36.578764500000005,44.404655,64.7959985,96.18681035226791,105.48795934864164,133.698125,133.69921875,1677.299477953678,1690.404440043225,elasticsearch,0.128,0.005
elasticsearch-native-search,django-sync,gunicorn-gthread,4,2,complete,5120.6698645157585,6.926576000000001,33.886187,40.45594749999999,373.5271018789397,422.4571670424345,453.1517740885417,455.0234375,4759.527465832986,5481.812263198531,elasticsearch,0.446,0.013
elasticsearch-native-search,django-sync,gunicorn-sync,1,2,complete,1157.1489348741939,54.178633500000004,63.947917000000004,69.527522,63.9968728787957,71.99538326479433,130.1828125,130.298828125,1115.7150366752862,1198.5828330731013,elasticsearch,0.087,0.007
elasticsearch-native-search,django-sync,gunicorn-sync,4,2,complete,3961.213218422063,15.681711,18.715310000000002,20.598438,248.66786481421792,268.9519272460934,440.2122493489584,440.611328125,3915.0162190054343,4007.410217838692,elasticsearch,0.329,0.021
elasticsearch-native-search,django-sync,uvicorn,1,2,complete,1063.0953876142366,54.683943,89.64026150000001,117.4454745,98.05228053122944,104.89452566543409,131.360390625,132.962890625,1060.495118990456,1065.6956562380176,elasticsearch,0.086,0.003
elasticsearch-native-search,django-sync,uvicorn,4,2,complete,2908.170167090392,21.188778,32.0960395,48.841377,354.48681045430584,378.6371280095823,504.39632161458337,505.435546875,2905.0309157395072,2911.3094184412776,elasticsearch,0.269,0.007
elasticsearch-native-search,drf,gunicorn-gthread,1,2,complete,1477.936812834057,41.401056,54.989687,73.479438,98.47650184364369,105.21231216298955,139.966796875,140.021484375,1475.4090016096916,1480.4646240584225,elasticsearch,0.114,0.005
elasticsearch-native-search,drf,gunicorn-gthread,4,2,complete,3964.8697644379204,17.1614365,33.7783265,50.392826,343.8593885123155,368.60741685438086,476.34602864583337,478.046875,3949.970017525514,3979.769511350327,elasticsearch,0.358,0.011
elasticsearch-native-search,drf,gunicorn-sync,1,2,complete,1081.800598608298,58.399259,63.5877125,68.606159,65.73532135200048,74.34462100753012,136.01390625,136.6953125,1072.0436184216285,1091.5575787949679,elasticsearch,0.083,0.007
elasticsearch-native-search,drf,gunicorn-sync,4,2,complete,3680.9372345165134,17.005223,19.834962,23.6668905,264.85761581795424,280.3322342428572,461.60652669270837,463.30859375,3676.8203949132653,3685.0540741197615,elasticsearch,0.314,0.02
elasticsearch-native-search,ninja,uvicorn,1,2,complete,1130.3753882195338,50.9087045,99.5570695,123.1015515,97.16192437832504,104.83256591328875,148.338671875,150.75,1127.6002288451516,1133.1505475939161,elasticsearch,0.077,0.003
elasticsearch-native-search,ninja,uvicorn,4,2,complete,3243.3919143328085,18.109136,29.2702575,62.8482915,359.6430691982441,389.39557067516296,567.4768880208333,569.328125,3111.4349360944825,3375.348892571135,elasticsearch,0.292,0.008
elasticsearch-native-write,adrf,uvicorn,1,2,complete,941.1200450104024,60.8307715,130.6129735,141.02123799999998,94.8490101637986,105.3960088519696,140.510071997549,141.203125,908.806528381403,973.4335616394017,elasticsearch,0.05,0.003
elasticsearch-native-write,adrf,uvicorn,4,2,complete,2985.777754286279,20.021392,29.4082505,50.50107199999999,331.24174303381983,386.69106006154936,539.8381510416666,541.158203125,2945.091828694583,3026.463679877975,elasticsearch,0.17,0.008
elasticsearch-native-write,aiodrf,uvicorn,1,2,complete,1026.9715761440139,54.121427999999995,119.9221115,145.1062705,98.2080633339144,103.25288889036233,147.48020833333334,148.8984375,1026.2473016717208,1027.695850616307,elasticsearch,0.042,0.004
elasticsearch-native-write,aiodrf,uvicorn,4,2,complete,3138.732136282688,17.997983,31.2805675,72.96823900000001,340.70912189874844,388.07931322422974,548.11171875,549.951171875,3130.9170647172864,3146.5472078480893,elasticsearch,0.182,0.009
elasticsearch-native-write,aiodrf-tuned,uvicorn,1,2,complete,1307.893276960312,44.79295,100.39543750000001,115.384949,92.64234940824275,105.36913116965053,141.65983072916666,142.220703125,1290.3365190544844,1325.45003486614,elasticsearch,0.059,0.004
elasticsearch-native-write,aiodrf-tuned,uvicorn,4,2,complete,4115.4339388764,14.131177000000001,22.7045705,43.3485705,346.70226456990395,375.7082288204489,540.40869140625,540.841796875,3877.484798243299,4353.383079509502,elasticsearch,0.219,0.01
elasticsearch-native-write,bolt,bolt-native,1,2,complete,2862.183528217738,19.5307315,63.587703999999995,65.6006035,83.18019736099698,101.26189817377038,199.11653645833331,199.15234375,2845.5554059330907,2878.811650502386,elasticsearch,0.116,0.005
elasticsearch-native-write,bolt,bolt-native,4,2,complete,9123.430614165794,5.7719545,9.755023,44.2484975,316.6067788846468,373.0398110724268,759.978515625,760.0390625,8667.03851150894,9579.82271682265,elasticsearch,0.384,0.016
elasticsearch-native-write,django,uvicorn,1,2,complete,1110.2934450520663,50.164161500000006,118.0562015,138.700901,97.41801745399694,104.37741883217575,140.76060267857144,141.765625,1106.8332677610872,1113.7536223430454,elasticsearch,0.052,0.003
elasticsearch-native-write,django,uvicorn,4,2,complete,3299.2308133160977,16.7897295,28.357644,77.540468,335.777287810414,389.1405267860607,522.123046875,523.484375,3262.281438072292,3336.1801885599034,elasticsearch,0.191,0.009
elasticsearch-native-write,django-sync,gunicorn-gthread,1,2,complete,1694.1745259059494,36.525145499999994,42.0817785,62.8254905,96.31900335495038,105.8356222173397,133.96636284722223,134.017578125,1691.9159327308303,1696.4331190810685,elasticsearch,0.081,0.006
elasticsearch-native-write,django-sync,gunicorn-gthread,4,2,complete,5806.012538653239,6.597263999999999,25.672077,32.0854395,333.4264573282943,398.8534557384936,450.34244791666663,450.5390625,5485.003238729862,6127.021838576617,elasticsearch,0.267,0.014
elasticsearch-native-write,django-sync,gunicorn-sync,1,2,complete,1334.5596076120037,46.806070999999996,53.0826935,60.302394,71.01423907081596,81.54166964081836,130.48625414299244,130.62109375,1304.8996210468413,1364.2195941771663,elasticsearch,0.064,0.007
elasticsearch-native-write,django-sync,gunicorn-sync,4,2,complete,4430.062591598726,13.635491,17.331592,21.4707905,262.30216848910067,307.57992958460943,440.90966796875,441.0,4333.722151514094,4526.403031683359,elasticsearch,0.24,0.024
elasticsearch-native-write,django-sync,uvicorn,1,2,complete,1044.219520866035,55.373535000000004,92.347295,126.3594115,95.30850878936577,105.39932845810425,129.44357328869046,130.884765625,1028.0075246189547,1060.4315171131157,elasticsearch,0.057,0.003
elasticsearch-native-write,django-sync,uvicorn,4,2,complete,2796.337291000314,21.685401,32.6485145,58.469258499999995,336.8081921582205,375.30318501333306,504.57486979166663,505.66796875,2674.808250396832,2917.866331603796,elasticsearch,0.172,0.009
elasticsearch-native-write,drf,gunicorn-gthread,1,2,complete,1449.0116595697446,42.246050499999996,54.624306000000004,73.270373,89.49087486065385,105.5150424827574,139.828125,139.884765625,1435.5549783433562,1462.468340796133,elasticsearch,0.07,0.005
elasticsearch-native-write,drf,gunicorn-gthread,4,2,complete,4011.200372378752,5.3422795,46.619057999999995,66.190978,282.3445465652826,373.14451055024324,472.57451171875,473.021484375,3474.1291170091827,4548.271627748321,elasticsearch,0.227,0.013
elasticsearch-native-write,drf,gunicorn-sync,1,2,complete,1251.278188624633,50.49575300000001,53.806656000000004,60.817696999999995,77.38115761717482,86.33489672321483,135.68766276041669,136.044921875,1242.3785176868412,1260.1778595624246,elasticsearch,0.059,0.007
elasticsearch-native-write,drf,gunicorn-sync,4,2,complete,4170.852566782774,14.750906,18.1355925,20.5042865,274.733075003663,301.24958795660405,460.751953125,461.001953125,4045.758799695648,4295.946333869901,elasticsearch,0.214,0.022
elasticsearch-native-write,ninja,uvicorn,1,2,complete,1061.4358525554117,53.016318,119.4008235,142.62726600000002,97.97376959080796,103.16314110717923,152.78683035714286,153.720703125,1041.8906496414465,1080.9810554693765,elasticsearch,0.046,0.003
elasticsearch-native-write,ninja,uvicorn,4,2,complete,3256.9696830066478,17.853702,29.330933,72.394083,337.9436090823391,387.2224149615803,568.621875,570.892578125,3081.8094580841157,3432.12990792918,elasticsearch,0.181,0.009
elasticsearch-search,adrf,uvicorn,1,2,complete,890.8060466156429,67.14399900000001,123.346628,142.02276650000002,96.95972144747324,105.43140531717475,140.058125,140.62890625,861.1931320745957,920.4189611566901,elasticsearch,0.078,0.003
elasticsearch-search,adrf,uvicorn,4,2,complete,2250.208609133577,25.294047,46.944168,73.17057449999999,344.6236595707604,374.2947952606829,543.8902180989583,546.177734375,2157.6932344885563,2342.723983778598,elasticsearch,0.223,0.007
elasticsearch-search,aiodrf,uvicorn,1,2,complete,969.3924687111667,60.424216,101.3535415,124.53573,96.67759637719124,105.35336839761413,133.78726562499997,134.951171875,938.5608752918187,1000.2240621305148,elasticsearch,0.082,0.003
elasticsearch-search,aiodrf,uvicorn,4,2,complete,2516.6371266673677,23.190121499999997,39.788659,63.8106925,343.9399635858795,385.61422253226294,528.050537109375,529.154296875,2450.143608496725,2583.13064483801,elasticsearch,0.247,0.007
elasticsearch-search,aiodrf-tuned,uvicorn,1,2,complete,1274.4564628397125,48.4484365,72.4848275,92.55391499999999,98.57648683512423,105.61043989081277,130.64851562500002,130.998046875,1252.0936928565964,1296.8192328228286,elasticsearch,0.106,0.004
elasticsearch-search,aiodrf-tuned,uvicorn,4,2,complete,3519.0763868300864,16.482998,31.476069,55.157447999999995,364.32078790465806,399.9989509284736,532.3738606770833,532.9453125,3407.2615443446634,3630.8912293155095,elasticsearch,0.327,0.009
elasticsearch-search,bolt,bolt-native,1,2,complete,2059.0407896132783,29.619056,36.155331000000004,63.256296,97.91341351387963,105.13063893520848,187.6201627604167,187.646484375,2023.0923689907231,2094.9892102358335,elasticsearch,0.162,0.005
elasticsearch-search,bolt,bolt-native,4,2,complete,7133.027090436263,8.166284000000001,14.556042999999999,20.302778,384.4655910389961,411.04007890724995,754.122314453125,754.390625,6963.212984912755,7302.8411959597715,elasticsearch,0.617,0.013
elasticsearch-search,django,uvicorn,1,2,complete,1034.3775729583965,57.872676,91.7474655,117.0580235,95.36561008559431,103.73843657281554,125.524921875,126.7421875,1012.948403125341,1055.806742791452,elasticsearch,0.087,0.003
elasticsearch-search,django,uvicorn,4,2,complete,2775.1089359874095,22.025786,34.520009,53.3164165,348.3635510024508,373.5805484329482,501.06217447916663,501.978515625,2683.385968253547,2866.8319037212714,elasticsearch,0.264,0.007
elasticsearch-search,django-sync,gunicorn-gthread,1,2,complete,1662.2315714375768,37.253326,45.113084,63.2746685,98.79237558508726,105.40196102923075,133.6018359375,133.609375,1652.4507794077695,1672.012363467384,elasticsearch,0.127,0.005
elasticsearch-search,django-sync,gunicorn-gthread,4,2,complete,5062.730255628829,7.872178000000001,36.197984500000004,44.132014,378.57265078839964,406.7338855517163,451.27872721354163,453.833984375,4697.225461262273,5428.235049995385,elasticsearch,0.451,0.014
elasticsearch-search,django-sync,gunicorn-sync,1,2,complete,1163.7882768308154,53.9791225,61.897369999999995,64.6458985,63.91904278463457,72.03673510074105,130.34757812499998,130.5390625,1131.0017097413559,1196.574843920275,elasticsearch,0.088,0.007
elasticsearch-search,django-sync,gunicorn-sync,4,2,complete,3940.069762650936,15.848173000000001,18.963759000000003,20.658191,253.74816938101668,277.91266523730485,440.22859700520837,440.859375,3908.0776159197644,3972.0619093821074,elasticsearch,0.334,0.021
elasticsearch-search,django-sync,uvicorn,1,2,complete,989.5633976036412,57.3363875,105.9953975,159.8953435,98.23797644020483,105.3955642519236,131.1764680989583,132.61328125,939.6559495139963,1039.470845693286,elasticsearch,0.086,0.003
elasticsearch-search,django-sync,uvicorn,4,2,complete,2721.775308012713,22.5395165,33.774814000000006,54.673931499999995,343.82171024265233,386.5067717609501,503.27457682291663,504.49609375,2448.948800822543,2994.6018152028837,elasticsearch,0.262,0.007
elasticsearch-search,drf,gunicorn-gthread,1,2,complete,1467.2097392951573,41.8866,53.6332805,75.638322,97.40986706559181,107.09275537815505,139.888125,139.984375,1446.080450310475,1488.3390282798398,elasticsearch,0.116,0.005
elasticsearch-search,drf,gunicorn-gthread,4,2,complete,4182.93255118162,9.72294,38.590393999999996,49.317547000000005,368.27208447496787,386.7370986577888,477.98909505208337,480.59765625,4024.023541828095,4341.841560535144,elasticsearch,0.388,0.013
elasticsearch-search,drf,gunicorn-sync,1,2,complete,1064.4721340452293,58.582297,67.5638695,81.7361485,65.66232402097808,74.24831547061505,135.69046874999998,136.337890625,1051.3032273888887,1077.6410407015699,elasticsearch,0.081,0.006
elasticsearch-search,drf,gunicorn-sync,4,2,complete,3572.660201264024,17.354750000000003,21.492027,24.158435,261.6735956626068,285.8452455579942,461.7259928385417,463.80859375,3526.1673658492564,3619.153036678792,elasticsearch,0.309,0.021
elasticsearch-search,ninja,uvicorn,1,2,complete,968.4655497552494,60.301148,102.450435,132.420993,97.55309678961356,107.17627022683621,137.950390625,138.95703125,953.6045865363567,983.3265129741421,elasticsearch,0.086,0.003
elasticsearch-search,ninja,uvicorn,4,2,complete,2615.2432000966337,23.379858499999997,34.1451,59.698128,343.72677387495037,381.7805395406903,549.0107421875,550.0859375,2455.517182397893,2774.9692177953743,elasticsearch,0.255,0.007
elasticsearch-write,adrf,uvicorn,1,2,complete,899.665763973549,67.23706999999999,114.00676050000001,126.561747,92.38732722735551,104.24787300816908,133.9036075367647,134.716796875,892.942903379092,906.388624568006,elasticsearch,0.051,0.003
elasticsearch-write,adrf,uvicorn,4,2,complete,2179.5438501724443,28.039156999999996,41.619903,70.03280099999999,301.78338577115164,380.5271926538044,531.2461286272321,532.119140625,2024.5424729379508,2334.545227406938,elasticsearch,0.144,0.007
elasticsearch-write,aiodrf,uvicorn,1,2,complete,973.0203581003386,59.45155,98.8263695,142.405502,98.1654464329034,105.33177965695694,132.01588541666666,132.97265625,969.5855636497283,976.4551525509489,elasticsearch,0.05,0.003
elasticsearch-write,aiodrf,uvicorn,4,2,complete,2732.7990743226865,22.960162,32.986335999999994,40.1611865,317.03635514587586,377.8189641933798,525.2223307291667,525.90234375,2728.9308355718053,2736.667313073567,elasticsearch,0.161,0.008
elasticsearch-write,aiodrf-tuned,uvicorn,1,2,complete,1229.4920513667844,50.22092,78.457617,98.07234700000001,94.58034122925838,105.47737590554291,130.17474208733975,130.69140625,1219.0214715865807,1239.962631146988,elasticsearch,0.063,0.004
elasticsearch-write,aiodrf-tuned,uvicorn,4,2,complete,3455.5174409057145,16.6730905,28.3272185,55.6161575,338.55467996331043,388.3926166407242,531.62978515625,532.138671875,3291.491989563969,3619.5428922474593,elasticsearch,0.198,0.009
elasticsearch-write,bolt,bolt-native,1,2,complete,1827.1721417825229,33.214189,39.881827,65.6259855,91.32348115201941,105.35928495468686,187.66132269965277,187.71484375,1801.9357943968193,1852.4084891682264,elasticsearch,0.085,0.005
elasticsearch-write,bolt,bolt-native,4,2,complete,6534.585028121536,8.819066,15.544111999999998,27.694959500000003,335.558978448738,391.76840646770177,752.9915364583334,753.03515625,6284.531813346414,6784.638242896658,elasticsearch,0.333,0.015
elasticsearch-write,django,uvicorn,1,2,complete,1017.6592525807893,57.0195005,94.96401750000001,131.02435300000002,95.98563246134171,102.98317685338671,125.06914062499999,126.095703125,1007.2180414227794,1028.1004637387991,elasticsearch,0.053,0.003
elasticsearch-write,django,uvicorn,4,2,complete,2854.068917574605,21.437641499999998,31.492095499999998,46.169806,331.4196830267943,370.0955784410976,498.65162760416666,499.4375,2747.8394185176103,2960.2984166316,elasticsearch,0.171,0.009
elasticsearch-write,django-sync,gunicorn-gthread,1,2,complete,1513.4062679807225,40.796137,51.3517845,66.6088335,97.31958149989019,105.2343116035571,133.9357421875,133.9765625,1482.1714143424135,1544.6411216190313,elasticsearch,0.075,0.005
elasticsearch-write,django-sync,gunicorn-gthread,4,2,complete,4372.050896707645,13.196958500000001,33.9997205,53.8680295,314.44904461416246,395.02961748072494,448.91650390625,449.353515625,4150.457349479005,4593.644443936285,elasticsearch,0.247,0.014
elasticsearch-write,django-sync,gunicorn-sync,1,2,complete,1219.038873780411,51.4728595,56.750412499999996,59.662016,74.09650619627348,81.42824007674432,130.26814152644232,130.412109375,1173.26614120532,1264.811606355502,elasticsearch,0.06,0.007
elasticsearch-write,django-sync,gunicorn-sync,4,2,complete,4216.132334826935,14.175409,18.8514375,27.2774745,267.2152517773924,298.0671359741937,440.71435546875,440.822265625,4071.8762657893944,4360.3884038644765,elasticsearch,0.232,0.025
elasticsearch-write,django-sync,uvicorn,1,2,complete,1014.0245611335844,56.6757485,94.38125199999999,130.427075,96.67728933755266,103.1683648933126,129.50729166666667,131.400390625,1013.7046834907044,1014.3444387764644,elasticsearch,0.053,0.003
elasticsearch-write,django-sync,uvicorn,4,2,complete,2771.34203494299,22.129308,32.906149,52.8107445,313.2022388415663,370.99940757288897,504.13509114583337,505.25,2713.6598917213705,2829.0241781646096,elasticsearch,0.166,0.009
elasticsearch-write,drf,gunicorn-gthread,1,2,complete,1359.316701140625,45.215295999999995,57.164227499999996,76.69225700000001,97.92387532666638,101.56365013359903,139.82759232954544,139.837890625,1342.4229591384044,1376.2104431428454,elasticsearch,0.07,0.005
elasticsearch-write,drf,gunicorn-gthread,4,2,complete,4562.883859449203,7.3884415,36.5436405,64.8467455,300.7428304467831,395.5638035311821,471.2734375,471.99609375,4234.046960684232,4891.720758214174,elasticsearch,0.221,0.013
elasticsearch-write,drf,gunicorn-sync,1,2,complete,1187.8998501691349,53.5306015,55.7871005,58.456185,76.72895288842795,86.33731172292235,135.6622596153846,136.013671875,1187.2022433208963,1188.5974570173732,elasticsearch,0.057,0.007
elasticsearch-write,drf,gunicorn-sync,4,2,complete,3643.5793409520074,16.6108085,21.163791500000002,23.370095499999998,262.66997333728557,311.19612236414355,460.15,460.412109375,3502.4597722443577,3784.698909659657,elasticsearch,0.214,0.021
elasticsearch-write,ninja,uvicorn,1,2,complete,995.3941279483134,57.579440500000004,97.443089,133.0686185,97.0243552136755,100.78112481261103,136.962890625,138.09375,990.6165540868432,1000.1717018097837,elasticsearch,0.051,0.003
elasticsearch-write,ninja,uvicorn,4,2,complete,2641.030384959987,23.8357515,36.6292665,53.971529,321.20771541893964,375.57660028288865,546.6126302083333,547.513671875,2479.234792974168,2802.8259769458055,elasticsearch,0.158,0.008
http-fanout,adrf,uvicorn,1,2,complete,192.81569178197873,314.6511165,730.6489154999999,1020.623059,97.3124383942135,105.30385871819236,128.13490384615383,130.458984375,134.51680345786122,251.11458010609627,http,0.042,0.002
http-fanout,adrf,uvicorn,4,2,complete,708.4161181320071,77.416641,180.64975900000002,253.8685615,365.4280490675722,403.8376467977696,524.5390625,527.48046875,681.6534043991616,735.1788318648526,http,0.113,0.003
http-fanout,aiodrf,uvicorn,1,2,complete,133.86865946346768,410.3705535,1039.143849,1503.8969885,97.2198738943411,105.05276679037948,124.32127103365384,124.69921875,114.19628048682992,153.54103844010544,http,0.033,0.001
http-fanout,aiodrf,uvicorn,4,2,complete,662.4847040998309,82.020636,202.28911399999998,287.0650835,376.49084526100876,414.14664115134815,522.7683919270833,523.34375,622.2854173903255,702.6839908093364,http,0.115,0.003
http-fanout,aiodrf-tuned,uvicorn,1,2,complete,156.56030573900188,346.583708,875.399314,1228.3194170000002,99.32973658095145,105.56708069359652,126.067265625,126.392578125,140.54904511620762,172.57156636179613,http,0.035,0.001
http-fanout,aiodrf-tuned,uvicorn,4,2,complete,863.8970012255687,64.11962700000001,155.252069,227.5219015,381.1843306877938,408.8762853532995,527.5800260416668,528.193359375,808.5278368932021,919.2661655579353,http,0.137,0.003
http-fanout,bolt,bolt-native,1,2,complete,135.60501954008345,412.424751,977.8703035000001,1341.697138,95.65833428012544,105.22204181800667,190.94876802884616,191.04296875,128.7870236726927,142.4230154074742,http,0.032,0.001
http-fanout,bolt,bolt-native,4,2,complete,750.5839989878589,70.2708725,201.15337449999998,303.91192,385.58038802987585,419.9624742442878,750.9437532552083,751.048828125,677.9663340601123,823.2016639156055,http,0.13,0.003
http-fanout,django,uvicorn,1,2,complete,167.13899437087815,324.62569600000006,837.9739824999999,1154.9206385,98.38430035921655,105.43080589085119,117.630546875,117.9296875,148.96028973362885,185.31769900812742,http,0.037,0.001
http-fanout,django,uvicorn,4,2,complete,682.2032783539071,80.325516,193.588087,268.827468,364.96539699663447,413.71508338455,495.384140625,495.904296875,655.5965685336969,708.8099881741174,http,0.116,0.003
http-fanout,django-sync,gunicorn-gthread,1,2,complete,651.096588789941,96.56884299999999,106.16864799999999,127.94874599999999,63.44337611803263,67.1591673060197,132.63375000000002,132.64453125,650.730593329324,651.4625842505582,http,0.09,0.003
http-fanout,django-sync,gunicorn-gthread,4,2,complete,1652.9688887727957,16.0960685,120.3787505,143.2470315,267.97701852985097,300.2154477409531,447.973125,448.220703125,1604.1213393632815,1701.8164381823099,http,0.206,0.005
http-fanout,django-sync,gunicorn-sync,1,2,complete,79.4043002523556,805.9507155,846.0053155,851.2140039999999,18.674621676361312,33.18605546895469,130.03752790178572,130.052734375,78.35816666696249,80.45043383774869,http,0.04,0.002
http-fanout,django-sync,gunicorn-sync,4,2,complete,305.8392465663886,208.79465799999997,229.383523,234.4020035,80.51462592844732,121.57017492370545,440.27570312499995,440.330078125,303.0905628057663,308.58793032701095,http,0.097,0.005
http-fanout,django-sync,uvicorn,1,2,complete,94.74398554375051,679.994236,1271.5180775,1608.1532585,98.61886946235018,105.25789121397946,117.79417067307692,118.205078125,69.49389113489816,119.99407995260285,http,0.026,0.001
http-fanout,django-sync,uvicorn,4,2,complete,470.793885157869,110.85481100000001,324.672819,486.50902650000006,323.1294782274639,356.81487921071437,496.406015625,497.177734375,400.82121354312756,540.7665567726104,http,0.081,0.002
http-fanout,drf,gunicorn-gthread,1,2,complete,629.0284793689707,98.80942,121.38827,136.8772045,65.43407656299082,74.26054644320662,139.63093750000002,139.701171875,625.8571422767878,632.1998164611537,http,0.086,0.002
http-fanout,drf,gunicorn-gthread,4,2,complete,1235.125656924749,54.0806345,95.7326835,133.6622475,210.41955854842303,248.15791230524343,471.29867187499997,472.451171875,1213.5202432779138,1256.731070571584,http,0.16,0.005
http-fanout,drf,gunicorn-sync,1,2,complete,79.57787881061458,803.0377470000001,857.5505185,867.8386495,17.942433291087134,31.136997798507018,134.74525669642856,134.78125,77.57916991743573,81.57658770379342,http,0.036,0.002
http-fanout,drf,gunicorn-sync,4,2,complete,305.82148016044425,204.04938950000002,240.08427899999998,246.12138650000003,77.63893699794971,136.69856267330505,458.6940625,458.80859375,299.1873862718162,312.4555740490723,http,0.091,0.005
http-fanout,ninja,uvicorn,1,2,complete,128.2328231845251,441.481444,979.5185994999999,1264.975786,96.89640658893447,105.1999366555172,129.74083533653845,130.30078125,127.84374906231346,128.62189730673677,http,0.03,0.001
http-fanout,ninja,uvicorn,4,2,complete,621.6183069212383,82.4270685,240.23816,351.866604,355.8163033955287,401.77659424200203,544.197421875,544.740234375,584.8134076876058,658.4232061548707,http,0.107,0.003
http-no-reuse,adrf,uvicorn,1,2,complete,234.76145295430123,265.5356655,327.037913,556.2785250000001,96.86937874683264,105.44793306289463,227.8871574519231,241.234375,230.92312954913342,238.59977635946905,http,0.026,0.001
http-no-reuse,adrf,uvicorn,4,2,complete,773.7288206670939,79.579648,116.48601149999999,149.54605500000002,390.0858497657583,412.455787161275,659.5994466145833,673.3984375,740.3653945211397,807.0922468130482,http,0.082,0.003
http-no-reuse,aiodrf,uvicorn,1,2,complete,254.19092001565247,248.37289449999997,304.005639,618.3035924999999,97.36291483948321,105.15161383726928,221.47867187499997,226.21484375,247.34590094570976,261.03593908559515,http,0.025,0.001
http-no-reuse,aiodrf,uvicorn,4,2,complete,744.134163374883,84.20647349999999,108.930603,135.9074905,339.2076256901215,377.6851611673035,652.035859375,659.353515625,740.6166611254595,747.6516656243066,http,0.073,0.003
http-no-reuse,aiodrf-tuned,uvicorn,1,2,complete,249.4535477220117,249.53789799999998,350.632976,551.430568,97.71526294257401,105.38584966114013,211.701796875,213.44140625,248.83611076208445,250.07098468193894,http,0.025,0.001
http-no-reuse,aiodrf-tuned,uvicorn,4,2,complete,706.8217928017996,88.90999149999999,131.47865149999998,162.260132,345.00262757759197,388.23096803395265,644.5297786458333,656.662109375,702.8920164738034,710.7515691297958,http,0.079,0.003
http-no-reuse,bolt,bolt-native,1,2,complete,285.4628040967178,223.527214,279.78009899999995,327.9241525,95.63736394151012,104.26275183466115,276.667578125,278.703125,282.0049439951866,288.92066419824897,http,0.026,0.001
http-no-reuse,bolt,bolt-native,4,2,complete,834.3900451292784,74.7253145,118.845045,154.4031395,343.7092595745589,377.2431123350695,878.0859375,884.166015625,802.6204317909073,866.1596584676494,http,0.084,0.003
http-no-reuse,django,uvicorn,1,2,complete,237.60766169596565,262.1616885,323.7474865,602.9498799999999,98.50093452428789,104.67893171565476,224.2440625,231.45703125,231.05086545565723,244.16445793627403,http,0.026,0.001
http-no-reuse,django,uvicorn,4,2,complete,735.6256119223431,84.04374899999999,110.843914,130.3507145,352.3062177389051,381.7783135813475,627.892724609375,641.326171875,723.1668306989615,748.0843931457246,http,0.076,0.003
http-no-reuse,django-sync,gunicorn-gthread,1,2,complete,248.56233512335885,252.989036,295.91483200000005,312.890634,88.10398118236034,100.52676032500665,175.25653545673077,177.658203125,248.39798627572267,248.72668397099503,http,0.033,0.002
http-no-reuse,django-sync,gunicorn-gthread,4,2,complete,828.6580332382819,55.7450165,157.2478165,173.745123,356.18682569895293,388.35455148749895,595.7307584635416,604.69140625,788.76186890449,868.5541975720738,http,0.097,0.004
http-no-reuse,django-sync,gunicorn-sync,1,2,complete,63.606275527255036,1010.7747375,1084.2198695000002,1101.51667,33.41659085001445,49.53482035524172,157.38638200431035,157.38671875,62.90571132671807,64.30683972779201,http,0.02,0.001
http-no-reuse,django-sync,gunicorn-sync,4,2,complete,268.7349944016672,236.4761565,249.4675515,265.6632965,107.92247581976504,131.41565538754958,549.1724909855769,549.189453125,268.3697511346485,269.100237668686,http,0.043,0.003
http-no-reuse,django-sync,uvicorn,1,2,complete,240.79176965198525,246.7915795,375.0178445,971.20454,98.90206286311181,103.09665461067524,276.224375,283.486328125,237.02045647374678,244.56308283022375,http,0.035,0.001
http-no-reuse,django-sync,uvicorn,4,2,complete,731.1711453682708,86.75294099999999,123.380796,139.12566950000001,369.8757292394907,395.997784872028,706.0521647135417,721.9765625,722.0485995176547,740.2936912188869,http,0.095,0.003
http-no-reuse,drf,gunicorn-gthread,1,2,complete,246.96778045557414,257.21720650000003,288.4613365,300.156822,89.34936515297287,99.97747789073065,166.44373497596155,168.626953125,240.47977364391863,253.45578726722962,http,0.033,0.002
http-no-reuse,drf,gunicorn-gthread,4,2,complete,793.4095648556322,46.76175500000001,177.575604,193.4446135,358.3278843674943,393.07110510389157,553.7331184895834,562.4140625,787.0329137219364,799.786215989328,http,0.097,0.004
http-no-reuse,drf,gunicorn-sync,1,2,complete,62.95201694496106,1008.723221,1093.2386885,1110.115155,34.221749503082044,51.285856906918085,150.3352640086207,153.783203125,62.24866595558074,63.65536793434138,http,0.021,0.002
http-no-reuse,drf,gunicorn-sync,4,2,complete,258.05741944911347,241.3976695,277.87757899999997,283.30233799999996,121.5964885030948,164.55559511911162,514.9940625,531.548828125,256.4115131769279,259.703325721299,http,0.043,0.003
http-no-reuse,ninja,uvicorn,1,2,complete,233.63047446904108,267.284854,341.2487205,713.8612865,98.90007885588916,105.10302494267515,257.5242252604167,262.619140625,226.3450322676534,240.91591667042877,http,0.025,0.001
http-no-reuse,ninja,uvicorn,4,2,complete,776.3704091649893,81.6024975,98.9458255,112.8951455,366.88322965171074,390.8148368141728,667.9654069010417,680.083984375,746.9686819574455,805.7721363725329,http,0.08,0.003
http-single,adrf,uvicorn,1,2,complete,523.6228242603748,96.4306105,300.470264,449.690952,97.78109455566607,105.28407645750671,130.97648437499998,132.591796875,457.1899392795016,590.0557092412481,http,0.037,0.003
http-single,adrf,uvicorn,4,2,complete,2084.1680009439965,27.39324,54.7035465,78.218526,356.50799779302446,394.5321801357253,531.6634114583333,534.9140625,2029.6582353920617,2138.6777664959313,http,0.113,0.006
http-single,aiodrf,uvicorn,1,2,complete,590.1748153631709,75.0141365,304.7929345,467.021036,97.92917984632479,103.19836912688959,124.201796875,124.68359375,586.7768420437,593.5727886826419,http,0.041,0.003
http-single,aiodrf,uvicorn,4,2,complete,2271.743257244584,20.396829,66.2202225,106.570167,344.3510885550504,393.17867617752984,521.8490755208334,522.60546875,2139.5984343278637,2403.8880801613045,http,0.122,0.006
http-single,aiodrf-tuned,uvicorn,1,2,complete,558.0901916948321,87.2887485,287.2944265,442.38045999999997,97.1159156149975,105.2700598447605,125.645625,126.046875,519.35294081918,596.8274425704843,http,0.041,0.003
http-single,aiodrf-tuned,uvicorn,4,2,complete,2591.5339267097097,21.828490499999997,45.213341,63.839577500000004,333.64004520835357,375.221022778843,528.541748046875,529.388671875,2519.8956570205037,2663.1721963989157,http,0.135,0.007
http-single,bolt,bolt-native,1,2,complete,457.28500940507945,106.34512850000002,359.43704299999996,562.9152775,98.34706079652186,105.44041464233825,188.5796875,188.626953125,416.9888701237727,497.58114868638614,http,0.036,0.002
http-single,bolt,bolt-native,4,2,complete,4390.742581924345,13.249496,22.418145000000003,32.897429,279.05561725522955,313.3416858373838,747.483857421875,748.115234375,4044.1510612176635,4737.334102631028,http,0.2,0.008
http-single,django,uvicorn,1,2,complete,544.602394138444,83.4162115,325.59300199999996,495.275365,97.53323520811458,105.40714892327792,117.503125,117.884765625,528.566766470035,560.638021806853,http,0.04,0.003
http-single,django,uvicorn,4,2,complete,2439.2655024119526,18.811983999999995,64.5166405,104.30561700000001,343.95427193947086,384.4171189230336,496.2394108072916,496.873046875,2236.7061268471502,2641.824877976755,http,0.125,0.006
http-single,django-sync,gunicorn-gthread,1,2,complete,697.7891997301347,90.97184999999999,95.150913,96.781779,41.050503017799926,50.04037325080272,131.17296875,131.181640625,694.8628579490339,700.7155415112353,http,0.053,0.003
http-single,django-sync,gunicorn-gthread,4,2,complete,1906.2882526511662,11.7484115,73.78562400000001,76.70805250000001,126.64367869549687,162.42107547952656,443.28304687499997,443.46484375,1726.6276825990935,2085.948822703239,http,0.11,0.006
http-single,django-sync,gunicorn-sync,1,2,complete,87.97722685308196,719.4189610000001,763.4770679999999,776.856669,9.131905874413736,16.41129749693537,129.91305493551587,129.9296875,87.85227164130163,88.1021820648623,http,0.021,0.002
http-single,django-sync,gunicorn-sync,4,2,complete,343.3772834654103,185.16875549999997,198.4570895,200.957721,35.99803582487151,62.19490418078763,439.15218749999997,439.2421875,337.2930505674448,349.4615163633757,http,0.04,0.005
http-single,django-sync,uvicorn,1,2,complete,1064.5954695021805,58.154606,83.216038,109.350402,96.84444055042958,104.95987662295175,126.12942057291667,127.3359375,1000.1478557213575,1129.0430832830036,http,0.062,0.003
http-single,django-sync,uvicorn,4,2,complete,3209.025154988535,17.753344999999996,34.094728,56.3458495,350.35690288614677,375.71876675793885,494.14689127604163,495.650390625,2992.1718316454103,3425.87847833166,http,0.153,0.007
http-single,drf,gunicorn-gthread,1,2,complete,685.1452046370292,92.58396450000001,96.4680635,113.4263195,43.454688561283035,52.7460558104664,137.928125,138.15625,683.1866590898398,687.1037501842186,http,0.051,0.003
http-single,drf,gunicorn-gthread,4,2,complete,1846.818274917106,25.059825,63.009313,66.25885399999999,130.45638678097538,163.46708312743462,466.724296875,468.318359375,1544.0985013167692,2149.538048517443,http,0.102,0.006
http-single,drf,gunicorn-sync,1,2,complete,87.4683047387168,726.7405385,754.1385895,756.4130124999999,9.63195564912633,16.77491827039357,134.34368024553572,134.357421875,86.70721933013827,88.22939014729533,http,0.02,0.002
http-single,drf,gunicorn-sync,4,2,complete,333.1817982813834,191.404098,206.52700149999998,208.885174,44.78062818986626,73.7267277136663,457.5628125,457.640625,327.58961619837714,338.7739803643897,http,0.05,0.005
http-single,ninja,uvicorn,1,2,complete,535.52523260527,84.3395905,332.284996,515.048689,96.92980932580869,104.13668048201569,129.685859375,130.04296875,520.2936775206321,550.756787689908,http,0.038,0.003
http-single,ninja,uvicorn,4,2,complete,2349.399879997555,20.697894499999997,57.702815,92.6421425,349.1896806215637,390.9426892570161,544.5311100260417,545.341796875,2344.6950457213215,2354.1047142737884,http,0.124,0.006
json,adrf,uvicorn,1,2,complete,1807.81250904029,32.0050565,77.512907,94.00821300000001,95.02547066792373,105.18417596355835,138.24515625,139.298828125,1783.6838562640448,1831.9411618165352,pgbouncer,0.015,0.004
json,adrf,uvicorn,4,2,complete,4601.591805431521,13.074027000000001,20.5115115,28.196817,345.29429764066265,388.5667700171914,532.9437662760416,535.306640625,4387.621927572743,4815.5616832903,pgbouncer,0.022,0.01
json,aiodrf,uvicorn,1,2,complete,1941.6378478675363,29.728723,77.55678,98.755382,98.65478450116326,105.26177330740907,158.44703125,160.421875,1929.2450689095183,1954.0306268255542,mongodb,0.014,0.004
json,aiodrf,uvicorn,4,2,complete,6155.890903397247,8.7732645,18.767104500000002,28.549768,342.9834662894084,384.41350611960013,559.8767968750001,563.662109375,6069.85366537141,6241.928141423083,pgbouncer,0.022,0.012
json,aiodrf-tuned,uvicorn,1,2,complete,3054.346754079274,19.904572,31.816133999999998,69.372828,97.67530578166,105.0334900415273,138.15299804687498,138.94921875,2786.57075667354,3322.122751485008,pgbouncer,0.015,0.007
json,aiodrf-tuned,uvicorn,4,2,complete,10371.833942335625,5.7845955,9.380622500000001,11.9505215,351.3818090641617,385.21104236054475,536.0221354166667,536.61328125,10099.438288454327,10644.229596216923,pgbouncer,0.022,0.017
json,bolt,bolt-native,1,2,complete,172837.9519391663,0.366802,0.3998425,0.4371335,93.3709518721019,105.38511291319227,182.612734375,182.615234375,167660.99716240485,178014.90671592776,valkey,0.015,0.148
json,bolt,bolt-native,4,2,complete,517316.335546789,0.1211535,0.1914275,0.2388395,352.3264491047004,414.2983041263712,729.9482421875,730.060546875,512589.11181020614,522043.5592833719,mongodb,0.018,0.58
json,django,uvicorn,1,2,complete,2089.2291277808795,27.477155500000002,68.8372895,102.12964199999999,98.29748877857358,103.4765529161578,150.82273763020834,152.94140625,1926.6438810910079,2251.814374470751,pgbouncer,0.021,0.004
json,django,uvicorn,4,2,complete,6378.442940263158,8.3983815,18.433733000000004,30.5267345,339.886267611196,381.4075920162219,529.2439778645834,532.02734375,5879.543077157044,6877.342803369271,valkey,0.018,0.011
json,django-sync,gunicorn-gthread,1,2,complete,7707.237704740832,7.3369955000000004,13.5176435,33.450506000000004,95.68046487189122,105.71693563778163,130.550390625,130.556640625,7634.4040682859795,7780.071341195683,pgbouncer,0.019,0.014
json,django-sync,gunicorn-gthread,4,2,complete,22546.213630125196,1.1041509999999999,7.7301085,17.829261000000002,375.07961427640936,414.2447428532422,440.70304687500004,440.7265625,21527.639226496693,23564.788033753695,valkey,0.018,0.044
json,django-sync,gunicorn-sync,1,2,complete,6945.588781916214,9.081973000000001,9.930792,10.351819500000001,94.91280739491528,105.22166798189949,129.38671875,129.38671875,6778.006179969728,7113.171383862701,mongodb,0.015,0.028
json,django-sync,gunicorn-sync,4,2,complete,16482.714551422403,2.722079,10.759616,11.960790499999998,282.2665216475757,408.26356915609483,437.404296875,437.404296875,16417.463503259034,16547.965599585772,pgbouncer,0.022,0.4
json,django-sync,uvicorn,1,2,complete,2303.994413822422,25.7487535,51.69768,61.9737285,97.19684152606554,100.88151425833442,127.27437499999999,128.57421875,2259.414111283047,2348.5747163617966,pgbouncer,0.019,0.004
json,django-sync,uvicorn,4,2,complete,6194.940862140436,9.8846205,14.6148895,17.9295135,346.98440555645936,385.95252480710326,498.4654947916667,500.181640625,6072.865084693866,6317.0166395870065,valkey,0.017,0.012
json,drf,gunicorn-gthread,1,2,complete,5210.248933544646,10.779968,21.6201425,45.0466505,95.65329939881097,105.46318177894595,136.51828125,136.578125,5194.38028317822,5226.117583911073,pgbouncer,0.019,0.01
json,drf,gunicorn-gthread,4,2,complete,15365.759906928584,2.8159,10.27885,24.8207815,384.73050039549,420.9140309868711,463.60066731770837,464.287109375,14949.872472857654,15781.647340999514,mongodb,0.018,0.032
json,drf,gunicorn-sync,1,2,complete,4911.400769681956,12.843007,14.287423,15.5406325,95.71071268770999,105.6362551636758,134.610078125,134.830078125,4737.268926277848,5085.532613086065,mongodb,0.015,0.021
json,drf,gunicorn-sync,4,2,complete,14737.072622748943,3.887528,7.023035999999999,10.999886499999999,337.9056753514646,409.15505278844415,458.166875,458.767578125,14573.895516101767,14900.24972939612,pgbouncer,0.024,0.164
json,ninja,uvicorn,1,2,complete,1973.4421737871135,28.7171795,71.6767595,108.1465935,98.62552303690418,105.19544651908927,162.91398437499998,164.701171875,1954.8702943210421,1992.0140532531846,pgbouncer,0.019,0.004
json,ninja,uvicorn,4,2,complete,5952.692433769218,9.547107999999998,20.083862,29.699458,348.21345887969534,377.1771356076243,582.1380208333334,585.61328125,5828.225454223596,6077.15941331484,mongodb,0.017,0.011
json-10k,adrf,uvicorn,1,2,complete,1699.9234289877659,34.269319499999995,62.764964,106.9471025,95.68549953578022,105.24295734687723,157.266484375,159.216796875,1650.2504693344565,1749.5963886410755,mongodb,0.014,0.004
json-10k,adrf,uvicorn,4,2,complete,4460.500975665227,13.631331499999998,21.0825755,27.079250000000002,345.9258966039366,382.3013577512034,569.1498209635417,575.712890625,4178.477709170273,4742.524242160181,mongodb,0.017,0.011
json-10k,aiodrf,uvicorn,1,2,complete,1910.4128873227662,29.630036,78.217984,107.316604,96.68647160336478,103.04108104597505,165.790078125,167.9296875,1868.2275972002763,1952.5981774452562,pgbouncer,0.019,0.004
json-10k,aiodrf,uvicorn,4,2,complete,5933.907257078385,9.229506,19.4228035,30.572474999999997,361.3031850923179,382.9344796856526,566.0392252604167,568.92578125,5816.0676656873875,6051.746848469381,pgbouncer,0.022,0.013
json-10k,aiodrf-tuned,uvicorn,1,2,complete,3022.206530455561,20.619787000000002,30.403892,69.9094975,96.36208732744794,105.37594778428914,142.864296875,144.240234375,2787.6206238005475,3256.792437110574,valkey,0.016,0.007
json-10k,aiodrf-tuned,uvicorn,4,2,complete,10025.342005041046,5.9128050000000005,9.687545,12.501742499999999,359.736406745894,405.1919611590539,538.7412109375,539.095703125,9690.210365519768,10360.473644562322,pgbouncer,0.022,0.018
json-10k,bolt,bolt-native,1,2,complete,108841.22839905489,0.5842575,0.6277725,0.650753,95.30675275829387,105.25568183302812,185.295703125,185.455078125,105875.75428097651,111806.70251713326,pgbouncer,0.014,0.103
json-10k,bolt,bolt-native,4,2,complete,340580.31246967847,0.189887,0.22554050000000003,0.2709165,361.88348513946954,414.3433732513663,731.9987560096154,732.013671875,336699.8365954598,344460.7883438971,pgbouncer,0.023,0.419
json-10k,django,uvicorn,1,2,complete,1900.9971842418468,29.476903999999998,78.08347,132.8410855,98.69569422168829,108.98243535305912,157.519921875,160.080078125,1874.041254808385,1927.9531136753083,pgbouncer,0.021,0.004
json-10k,django,uvicorn,4,2,complete,5872.033816961041,9.130807,19.671778500000002,33.2961525,344.7697277756539,379.71367731712803,540.100830078125,542.87109375,5791.100162085554,5952.967471836529,pgbouncer,0.022,0.013
json-10k,django-sync,gunicorn-gthread,1,2,complete,6909.656598263657,8.1847295,14.553223,36.630815,95.73724320463128,105.63674195501406,130.49828125,130.50390625,6880.214021234421,6939.099175292893,pgbouncer,0.019,0.014
json-10k,django-sync,gunicorn-gthread,4,2,complete,22518.240784043483,1.4685735,5.9266315,17.681990499999998,394.17306169571964,412.8711485181632,441.03653971354163,441.046875,22271.46603412503,22765.015533961934,pgbouncer,0.016,0.043
json-10k,django-sync,gunicorn-sync,1,2,complete,6427.373401523788,9.786377,10.800667,12.1059975,95.18769486714129,105.40288197806552,129.443359375,129.443359375,6403.854691738345,6450.892111309231,pgbouncer,0.019,0.027
json-10k,django-sync,gunicorn-sync,4,2,complete,15823.354998724004,3.1510135,10.4512465,13.881481,304.2448744492549,392.6954580997373,437.45703125,437.45703125,15580.489401612327,16066.220595835683,pgbouncer,0.018,0.29
json-10k,django-sync,uvicorn,1,2,complete,2204.015727726559,26.776842000000002,54.4584965,64.4345985,96.85705677591682,103.1865406599579,133.93359375,135.0625,2134.6530253975757,2273.3784300555426,valkey,0.015,0.005
json-10k,django-sync,uvicorn,4,2,complete,6132.834948722106,10.049722499999998,14.424222499999999,17.7615035,346.27700899891806,381.45814353464357,504.34101888020837,505.91015625,6118.901793861233,6146.768103582977,mongodb,0.017,0.013
json-10k,drf,gunicorn-gthread,1,2,complete,4820.173326652904,11.626522000000001,24.222833,48.127804999999995,95.7233185854752,105.43966076551747,140.1878125,140.2734375,4733.584472270438,4906.762181035369,mongodb,0.014,0.011
json-10k,drf,gunicorn-gthread,4,2,complete,14704.73456728379,2.6906084999999997,11.128967,30.0594855,392.97903693132423,415.6841822800799,470.269287109375,471.654296875,14474.978726127138,14934.49040844044,pgbouncer,0.024,0.034
json-10k,drf,gunicorn-sync,1,2,complete,4634.026211875727,13.605435,14.841473,15.6774685,95.47318482132219,104.4135781986833,135.10421875,135.328125,4573.982353391893,4694.070070359561,pgbouncer,0.019,0.02
json-10k,drf,gunicorn-sync,4,2,complete,14291.165411402346,4.146095,6.33634,12.001795000000001,359.7195537804613,410.4024914092466,459.96012369791663,460.65234375,14151.852779841034,14430.478042963658,mongodb,0.018,0.132
json-10k,ninja,uvicorn,1,2,complete,2008.6863917690798,28.9499405,62.367583499999995,92.870022,98.69823896784138,105.36283569416446,170.598515625,172.935546875,1999.030167245382,2018.3426162927774,postgres,0.014,0.004
json-10k,ninja,uvicorn,4,2,complete,5831.766748783348,9.1837995,19.568035000000002,31.281797499999996,356.0089160693318,385.10827548859277,589.4305826822917,592.61328125,5639.86272457123,6023.670772995467,mongodb,0.018,0.013
jwt-article,adrf,uvicorn,1,2,complete,278.92807922018676,220.5072405,334.04897600000004,357.7475555,98.33406007443645,102.81170194870987,152.93906249999998,155.96484375,271.18823703021496,286.6679214101585,postgres,0.063,0.002
jwt-article,adrf,uvicorn,4,2,complete,741.302352841333,82.8094945,125.958779,155.12738199999998,350.2710833547089,393.0605807103673,558.9197591145834,566.6796875,705.3939452535374,777.2107604291285,postgres,0.17,0.004
jwt-article,aiodrf,uvicorn,1,2,complete,396.66266280237267,159.424048,188.7981165,219.398623,97.41198115353433,105.04391251761427,131.62109375,132.67578125,392.21498664637113,401.1103389583742,postgres,0.083,0.002
jwt-article,aiodrf,uvicorn,4,2,complete,1090.7806629656138,57.4580755,81.45196849999999,96.237572,345.8136294651454,399.79713813814874,541.8965657552084,544.591796875,1012.6906041894374,1168.87072174179,postgres,0.245,0.004
jwt-article,aiodrf-tuned,uvicorn,1,2,complete,578.8380869830735,107.8337085,133.6393525,160.52245299999998,97.59229736625412,105.34655840963126,131.20882812500003,131.578125,554.0783159502919,603.597858015855,postgres,0.108,0.003
jwt-article,aiodrf-tuned,uvicorn,4,2,complete,1887.7975188059954,33.9873695,48.382694,61.001327,387.8599957046106,409.1702479994471,543.6981608072916,544.421875,1885.8996577296564,1889.6953798823345,postgres,0.388,0.006
jwt-article,bolt,bolt-native,1,2,complete,735.4913059055216,85.99980599999999,95.7634065,102.4445155,83.08331735837623,90.54848365076374,190.686796875,191.103515625,733.2920071115833,737.69060469946,postgres,0.118,0.003
jwt-article,bolt,bolt-native,4,2,complete,2174.940968955915,29.166185,39.233205999999996,44.0699995,287.9862422726458,319.340783805857,756.2974446614583,756.76953125,2105.5530016010625,2244.3289363107674,postgres,0.349,0.005
jwt-article,django,uvicorn,1,2,complete,548.5106995971171,114.46604,138.31219199999998,171.346967,94.89373006563716,105.0037639706106,124.5721875,125.234375,533.1187155404,563.9026836538342,postgres,0.107,0.003
jwt-article,django,uvicorn,4,2,complete,1527.8319669710431,41.3203525,58.6071115,70.742669,350.79307794771955,382.3354773371122,513.1332194010417,515.025390625,1432.8981372235205,1622.7657967185658,postgres,0.328,0.005
jwt-article,django-sync,gunicorn-gthread,1,2,complete,763.0959903810658,83.1003255,92.81338249999999,101.1054865,97.9072010198687,105.21671214097384,135.65296875,135.703125,755.9379903849886,770.2539903771432,postgres,0.14,0.003
jwt-article,django-sync,gunicorn-gthread,4,2,complete,2544.8677602595144,20.605957,49.74695,55.064842,390.1658444745718,414.2067761571999,460.3299153645833,460.630859375,2523.510369485152,2566.225151033877,postgres,0.5,0.008
jwt-article,django-sync,gunicorn-sync,1,2,complete,617.7337472959982,102.281469,112.3417715,116.1426955,78.22522918112487,86.00605761582423,133.946796875,133.9609375,601.9310813803647,633.5364132116316,postgres,0.104,0.005
jwt-article,django-sync,gunicorn-sync,4,2,complete,2075.230302641212,29.991936499999998,37.3419495,41.43072,304.54990138164453,329.0205030669165,455.21793619791663,455.255859375,1951.6437426735718,2198.816862608852,postgres,0.357,0.013
jwt-article,django-sync,uvicorn,1,2,complete,579.7856341478346,109.301189,125.28099950000001,150.70903950000002,97.4689554386901,104.9798128758689,125.10109374999999,125.869140625,574.955875642373,584.6153926532961,postgres,0.109,0.003
jwt-article,django-sync,uvicorn,4,2,complete,1489.787096348751,42.046443,60.2927375,68.991265,340.2873635460882,385.97055407690794,514.4832356770833,517.05078125,1453.4800419117996,1526.0941507857024,postgres,0.317,0.005
jwt-article,drf,gunicorn-gthread,1,2,complete,556.2025030390341,111.949529,139.8616065,150.807727,97.88624494127768,105.38081486133665,145.1740625,145.435546875,546.8101069850713,565.5948990929969,postgres,0.1,0.003
jwt-article,drf,gunicorn-gthread,4,2,complete,1810.2665714687546,35.049953,61.927277000000004,79.06935800000001,377.16227408456336,417.14998086684375,498.778515625,500.91015625,1781.0581822989345,1839.4749606385749,postgres,0.374,0.007
jwt-article,drf,gunicorn-sync,1,2,complete,487.1150878900071,129.193829,143.16374100000002,148.498604,82.41256007857402,88.77832892241744,139.687734375,140.064453125,485.1860955158136,489.04408026420066,postgres,0.09,0.004
jwt-article,drf,gunicorn-sync,4,2,complete,1652.183866977105,37.8696855,44.3873,48.63574,330.86169529193165,352.3135875395959,477.56827799479163,478.955078125,1617.963795950247,1686.4039380039633,postgres,0.29,0.011
jwt-article,ninja,uvicorn,1,2,complete,533.413290876661,117.5298965,152.50674899999999,178.612599,97.15409288435677,104.6807952595625,136.47703124999998,137.171875,510.3756941160488,556.4508876372732,postgres,0.104,0.002
jwt-article,ninja,uvicorn,4,2,complete,1426.0520170853429,41.628074500000004,71.6293615,85.991248,344.125837293156,380.5939245773068,560.9410481770833,562.953125,1396.823999524686,1455.2800346459996,postgres,0.312,0.005
jwt-articles,adrf,uvicorn,1,2,complete,58.46393775443782,1069.807749,1277.580802,1291.246428,98.17351186917548,105.87321339767911,164.71060075431035,166.736328125,56.49249994204613,60.435375566829514,postgres,0.031,0.001
jwt-articles,adrf,uvicorn,4,2,complete,171.5520148185994,391.4470135,499.2186805,539.3754305,361.23725802778813,396.6277768028193,616.2242337740386,645.76171875,168.0039704537184,175.10005918348037,postgres,0.069,0.001
jwt-articles,aiodrf,uvicorn,1,2,complete,286.9421170283319,218.681972,268.5440235,290.01015599999994,98.93724788548775,103.01343914374758,132.72359375000002,133.1328125,283.8456189063336,290.0386151503302,postgres,0.091,0.002
jwt-articles,aiodrf,uvicorn,4,2,complete,806.2624672694278,77.3521135,116.6417735,151.060243,341.5068780858629,384.06218128666677,547.889296875,548.828125,780.038430466039,832.4865040728166,postgres,0.267,0.003
jwt-articles,aiodrf-tuned,uvicorn,1,2,complete,373.75036205683375,167.337136,201.395498,240.02889349999998,99.2268667117592,105.58769664831243,133.1940625,133.466796875,371.7235981699184,375.7771259437492,postgres,0.113,0.002
jwt-articles,aiodrf-tuned,uvicorn,4,2,complete,1136.664430804282,55.112408,78.195019,108.33633900000001,389.3183533736251,408.1860624850867,553.2298177083333,554.306640625,1061.6989964810384,1211.6298651275256,postgres,0.385,0.005
jwt-articles,bolt,bolt-native,1,2,complete,567.0848207156841,111.795603,119.2196655,121.787847,83.47367853798576,91.21312539763537,192.0546875,192.55859375,563.6426209611326,570.5270204702357,postgres,0.123,0.002
jwt-articles,bolt,bolt-native,4,2,complete,1652.3517291928265,38.4941995,49.740758500000005,55.397874,297.6945059744812,323.36357234653343,757.647216796875,757.86328125,1584.9911907200217,1719.7122676656313,postgres,0.384,0.005
jwt-articles,django,uvicorn,1,2,complete,390.48832738702015,161.017302,192.3398165,210.0149,98.3155316959519,105.17872460017047,124.57421875,124.88671875,381.2697576515254,399.7068971225149,postgres,0.116,0.002
jwt-articles,django,uvicorn,4,2,complete,1126.4984476696513,56.058636500000006,78.664378,106.1158985,365.6856639068482,402.9069124424136,512.681640625,513.560546875,1118.4251446935825,1134.5717506457204,postgres,0.363,0.004
jwt-articles,django-sync,gunicorn-gthread,1,2,complete,523.237530285036,121.3364435,131.8140885,137.209289,98.63467491404211,105.63756753158142,135.968046875,136.03515625,519.4265991667771,527.0484614032947,postgres,0.146,0.002
jwt-articles,django-sync,gunicorn-gthread,4,2,complete,1616.5839089894685,21.750216,107.3560855,117.048615,380.5732277023922,411.97529527763515,460.8165234375,461.154296875,1563.5760777737437,1669.5917402051932,postgres,0.518,0.006
jwt-articles,django-sync,gunicorn-sync,1,2,complete,411.32169583590314,152.9653905,165.8400625,181.6251315,77.7042377197011,81.61429403554092,133.861875,133.869140625,403.9049727351652,418.7384189366411,postgres,0.113,0.004
jwt-articles,django-sync,gunicorn-sync,4,2,complete,1330.377862437239,46.180479500000004,57.66726800000001,65.627877,303.21029431372165,326.24240529753365,455.063720703125,455.095703125,1319.5150411998234,1341.2406836746543,postgres,0.379,0.01
jwt-articles,django-sync,uvicorn,1,2,complete,421.77415586530515,149.664165,169.7291505,197.7486975,97.97322757150013,104.43406219758451,126.102890625,126.623046875,415.7101108251768,427.83820090543355,postgres,0.122,0.002
jwt-articles,django-sync,uvicorn,4,2,complete,1123.1084486728482,56.1067805,83.0437175,96.41297549999999,348.1744220542858,378.5961089585235,515.92041015625,518.5390625,1115.793416131337,1130.4234812143598,postgres,0.356,0.004
jwt-articles,drf,gunicorn-gthread,1,2,complete,362.2080507898178,168.5950635,216.11316100000002,228.553702,98.56589437651823,103.99712578685035,153.45749999999998,153.4765625,359.66800300541684,364.74809857421866,postgres,0.108,0.002
jwt-articles,drf,gunicorn-gthread,4,2,complete,1152.6736515123312,34.4915745,150.039939,188.44399800000002,387.50919070439977,416.9935946348418,522.51533203125,525.21484375,1152.6295481137497,1152.7177549109126,postgres,0.365,0.005
jwt-articles,drf,gunicorn-sync,1,2,complete,326.3207278251977,191.18764349999998,214.06384150000002,227.083234,82.21329590698491,86.42591968560296,144.820078125,145.580078125,325.43430975018066,327.20714590021475,postgres,0.092,0.003
jwt-articles,drf,gunicorn-sync,4,2,complete,1073.8098228896356,57.763540500000005,69.212689,94.9415535,315.5216996021579,344.3080744464264,496.772109375,499.220703125,1033.4141570760912,1114.2054887031802,postgres,0.303,0.008
jwt-articles,ninja,uvicorn,1,2,complete,350.47144280372066,178.8769735,214.4724225,241.477327,98.77744099306896,105.75431368917714,136.52781249999998,136.85546875,344.81155033731443,356.1313352701269,postgres,0.106,0.002
jwt-articles,ninja,uvicorn,4,2,complete,992.057472696089,62.8105075,89.10260550000001,118.40877950000001,353.8190211497773,389.04634670787334,562.2752571614583,563.48046875,960.808964138867,1023.3059812533108,postgres,0.325,0.004
mixed-inline,adrf,uvicorn,1,2,complete,156.457484262486,363.07563400000004,879.744387,1275.4769755,96.63641873212839,105.50394717398777,127.3212139423077,129.939453125,125.73687237844621,187.1780961465258,http,0.036,0.001
mixed-inline,adrf,uvicorn,4,2,complete,486.83242569132847,115.6091765,254.17318800000004,356.146749,381.4722634706435,408.7147209454315,522.953828125,525.236328125,483.81472404177345,489.8501273408835,http,0.09,0.002
mixed-inline,aiodrf,uvicorn,1,2,complete,120.57506096591018,450.53949050000006,1129.2492805000002,1570.284959,97.09955426654294,105.48337914115504,124.47040264423077,124.83984375,106.4702048647408,134.67991706707957,http,0.03,0.001
mixed-inline,aiodrf,uvicorn,4,2,complete,474.1490102539957,113.5466975,285.0864925,386.931261,359.75736981029667,406.0822669149686,522.36015625,523.064453125,450.0447454002824,498.25327510770893,http,0.09,0.003
mixed-inline,aiodrf-tuned,uvicorn,1,2,complete,113.66164138198141,468.358827,1201.8772545000002,1518.0975895,97.64199200866406,105.1802056366424,125.63912259615384,126.0390625,104.22430814720227,123.09897461676054,http,0.03,0.001
mixed-inline,aiodrf-tuned,uvicorn,4,2,complete,520.4155449360323,103.395162,250.5370395,374.672252,380.65164595396845,412.2332968780898,527.696416015625,528.267578125,505.3665423639709,535.4645475080937,http,0.101,0.003
mixed-inline,bolt,bolt-native,1,2,complete,140.10046396660653,360.173728,1099.8646515,1651.446402,95.54972541290816,105.30485536579319,191.13341346153845,191.2265625,132.63553095311022,147.5653969801028,http,0.034,0.001
mixed-inline,bolt,bolt-native,4,2,complete,512.7246244374692,98.18369000000001,289.0457775,444.31926550000003,380.6907715481031,409.53200079883464,750.0785156249999,750.1640625,486.58375117548815,538.8654976994502,http,0.096,0.002
mixed-inline,django,uvicorn,1,2,complete,155.8594255951752,356.26729350000005,862.5715575,1262.0513015000001,97.44926202083296,105.10197664754773,117.45249098557693,117.84765625,133.24931909597942,178.46953209437098,http,0.037,0.001
mixed-inline,django,uvicorn,4,2,complete,483.8442179271676,116.765173,261.73776999999995,357.530045,372.1840285239997,410.1877959174455,495.46328125,496.107421875,478.90306295623753,488.7853728980977,http,0.089,0.002
mixed-inline,django-sync,gunicorn-gthread,1,2,complete,314.10875704852594,202.0179255,226.07954,233.2324795,87.65688254290524,98.24844561335824,132.5009375,132.533203125,312.5575045100014,315.6600095870504,http,0.05,0.002
mixed-inline,django-sync,gunicorn-gthread,4,2,complete,629.059787474815,61.72431900000001,268.198945,302.6250115,273.0220046409679,304.77344201743267,447.32304687500005,447.544921875,626.166282637123,631.953292312507,http,0.099,0.003
mixed-inline,django-sync,gunicorn-sync,1,2,complete,70.12446102499209,885.36145,1038.729375,1053.2135050000002,27.36277832008181,42.490429018424535,130.02301897321428,130.05078125,68.81878937506337,71.43013267492081,http,0.024,0.001
mixed-inline,django-sync,gunicorn-sync,4,2,complete,264.35491663360267,240.291835,271.07745550000004,281.464745,108.78376588236463,155.44563741171237,440.04020432692306,440.10546875,263.59605713201114,265.11377613519426,http,0.059,0.003
mixed-inline,django-sync,uvicorn,1,2,complete,75.67531748085709,755.1630285,1401.6600604999999,1911.8099495000001,97.59009725823131,105.08939896660223,117.9039852653134,118.3203125,70.54162986565865,80.80900509605553,http,0.022,0.001
mixed-inline,django-sync,uvicorn,4,2,complete,389.4291739160051,115.80009899999999,439.4139365,615.2729589999999,313.05289444972925,346.4343280462351,496.116328125,497.119140625,373.0312623930392,405.82708543897104,http,0.071,0.002
mixed-inline,drf,gunicorn-gthread,1,2,complete,309.2698328024228,204.355994,230.898843,247.208665,88.3089129420811,102.87983602664167,139.0496965144231,139.380859375,308.98492214586616,309.5547434589794,http,0.051,0.002
mixed-inline,drf,gunicorn-gthread,4,2,complete,640.4782357637838,73.8604585,257.54436150000004,291.4311555,282.18989401453405,322.3414005207052,470.641171875,472.126953125,635.348223928642,645.6082475989256,http,0.099,0.003
mixed-inline,drf,gunicorn-sync,1,2,complete,66.53914018434693,953.1541895,1044.167372,1063.8616550000002,30.43307665102453,48.3566696953312,134.76984153709975,134.791015625,66.06892963336486,67.00935073532902,http,0.027,0.001
mixed-inline,drf,gunicorn-sync,4,2,complete,264.11444383759647,238.1819195,274.8595095,285.18750750000004,107.69294616802699,149.58939852258388,458.1946364182692,458.33203125,258.3268488935114,269.9020387816815,http,0.057,0.003
mixed-inline,ninja,uvicorn,1,2,complete,119.69849249421151,459.9528035,1141.2357070000003,1648.4687695,97.67250511552658,105.43336220243964,129.73347355769232,130.048828125,106.51547678076146,132.88150820766157,http,0.03,0.001
mixed-inline,ninja,uvicorn,4,2,complete,484.462350737654,110.117962,280.29567599999996,386.7280625,364.6641487956973,410.3157375707855,544.160625,544.66796875,456.1419006101566,512.7828008651513,http,0.092,0.003
mixed-thread,adrf,uvicorn,1,2,complete,165.47337617472886,323.3919735,855.0033965,1212.798789,97.58080157240695,103.48591813993943,127.56836838942309,130.267578125,144.17729487025235,186.76945747920539,http,0.036,0.001
mixed-thread,adrf,uvicorn,4,2,complete,475.4921830830431,119.843239,246.6627055,342.6427005,336.67264718449036,380.7910916474188,522.9906249999999,525.228515625,468.6413601530411,482.343006013045,http,0.085,0.002
mixed-thread,aiodrf,uvicorn,1,2,complete,112.89267963214041,488.92831299999995,1193.076818,1608.6326465,99.22920715471611,105.6902847111835,124.39708533653845,124.84765625,95.10402086684803,130.6813383974328,http,0.028,0.001
mixed-thread,aiodrf,uvicorn,4,2,complete,449.7986319438876,123.9972855,274.090949,405.4015415,343.0854313516877,380.4402223248802,522.4160937500001,523.146484375,448.1427348852417,451.4545290025335,http,0.085,0.002
mixed-thread,aiodrf-tuned,uvicorn,1,2,complete,161.2720935696554,343.88905950000003,850.5106265000001,1281.35915,97.79144555598472,105.26588364167162,125.58203125,125.96484375,131.11478230765235,191.42940483165847,http,0.036,0.001
mixed-thread,aiodrf-tuned,uvicorn,4,2,complete,484.4718999581246,110.6258995,276.7398435,400.3824265,332.9898713779759,384.70981506596286,527.8043749999999,528.42578125,480.3686375029911,488.57516241325806,http,0.088,0.002
mixed-thread,bolt,bolt-native,1,2,complete,129.07938444271696,401.7715355,1162.0805149999999,1648.671112,98.35519076110104,105.4895859751413,190.95308593750002,190.97265625,109.69058180887775,148.46818707655615,http,0.032,0.001
mixed-thread,bolt,bolt-native,4,2,complete,464.5623181050696,118.792946,295.90003449999995,427.165817,349.2362229039459,406.84629963061866,751.3314615885417,751.427734375,451.14867044526795,477.9759657648712,http,0.093,0.003
mixed-thread,django,uvicorn,1,2,complete,129.25876918780608,416.1647195,1113.326493,1649.9283565,98.7980243582038,105.37867065520224,117.79832331730769,118.083984375,113.09529322321718,145.422245152395,http,0.03,0.001
mixed-thread,django,uvicorn,4,2,complete,470.8521862182324,117.983562,277.84482,369.7215845,343.0928385880314,385.23329398592705,497.399296875,497.955078125,455.1013522873735,486.60302014909126,http,0.085,0.002
mixed-thread,django-sync,gunicorn-gthread,1,2,complete,351.67311636578484,179.4145855,198.042782,204.647554,98.35459083602179,105.62546763722338,132.52164062499997,132.546875,348.1820662152919,355.16416651627776,http,0.057,0.002
mixed-thread,django-sync,gunicorn-gthread,4,2,complete,603.0105966808278,62.9532835,265.896208,294.90265899999997,261.14162907738796,297.7483836063021,447.386015625,447.646484375,597.3523699527395,608.668823408916,http,0.098,0.003
mixed-thread,django-sync,gunicorn-sync,1,2,complete,70.04680274108865,894.450234,1015.0053215,1027.063862,27.633830704493555,47.37903216566153,130.17726293103448,130.1953125,67.1535617162513,72.940043765926,http,0.025,0.002
mixed-thread,django-sync,gunicorn-sync,4,2,complete,286.26122485629344,219.67389,249.4270005,264.25354749999997,93.80304379211009,124.92537690775077,439.958671875,440.03125,285.3796063912516,287.14284332133525,http,0.047,0.003
mixed-thread,django-sync,uvicorn,1,2,complete,76.27295231340851,789.744619,1683.5747205,2266.4342939999997,98.78856348947495,105.21023350903451,118.45424345619658,118.771484375,73.24423265886315,79.30167196795387,http,0.021,0.001
mixed-thread,django-sync,uvicorn,4,2,complete,326.44443494447046,147.4532015,499.39112600000004,756.7159375000001,320.657467222611,360.08825227451257,497.53695312499997,498.37890625,325.3076424336542,327.5812274552867,http,0.065,0.002
mixed-thread,drf,gunicorn-gthread,1,2,complete,339.9504194268712,184.98276049999998,206.834657,228.5903095,96.88992809250479,104.96424441054052,139.2863551682692,139.521484375,332.3652632763527,347.53557557738964,http,0.056,0.002
mixed-thread,drf,gunicorn-gthread,4,2,complete,635.1289976389402,63.823916,254.1619505,290.323986,282.75113535530375,319.67521634464333,471.3449669471154,472.75390625,622.8340714022339,647.4239238756464,http,0.101,0.003
mixed-thread,drf,gunicorn-sync,1,2,complete,66.20977135713869,952.9367139999999,1049.6211170000001,1070.9372684999998,31.5395709715536,45.96838695385971,134.65083320504925,134.669921875,64.53263047690552,67.88691223737185,http,0.025,0.001
mixed-thread,drf,gunicorn-sync,4,2,complete,263.4609846947382,237.79868349999998,275.96642099999997,284.5129675,111.35103886323304,154.64364057625664,458.36578125000005,458.494140625,260.5144627204353,266.40750666904114,http,0.06,0.003
mixed-thread,ninja,uvicorn,1,2,complete,109.46781378171644,506.7426375,1211.0342765,1636.4392335000002,98.34259476757222,105.43238332597137,129.90767728365387,130.3515625,106.14689408057703,112.78873348285585,http,0.029,0.001
mixed-thread,ninja,uvicorn,4,2,complete,453.1929590794693,119.92827150000001,290.100765,406.4603725,344.45403446282364,383.6553026954478,543.478984375,544.0078125,441.60954336184994,464.77637479708864,http,0.084,0.002
mongo-aggregate,adrf,uvicorn,1,2,complete,774.7971877833861,78.75603000000001,134.3375015,165.5511475,96.88157531084542,105.39709862371028,189.527578125,190.859375,722.1706276167599,827.4237479500124,mongodb,0.09,0.003
mongo-aggregate,adrf,uvicorn,4,2,complete,1794.7342580131185,34.2933885,52.3753575,72.2333215,323.41986766876096,372.5574965339879,723.1475423177084,726.25,1641.521997850652,1947.9465181755847,mongodb,0.219,0.005
mongo-aggregate,aiodrf,uvicorn,1,2,complete,809.1353235835377,71.94261900000001,124.3226445,173.1842875,97.15270371392349,105.52754065088679,184.8196875,186.5390625,765.9748269847097,852.2958201823658,mongodb,0.087,0.003
mongo-aggregate,aiodrf,uvicorn,4,2,complete,2334.9822661057583,26.5075665,37.5049025,45.850851500000005,357.04180447760734,382.27089091307107,719.8971354166667,721.666015625,2211.8393283754003,2458.1252038361163,mongodb,0.261,0.006
mongo-aggregate,aiodrf-tuned,uvicorn,1,2,complete,1073.8888714409911,57.225881,84.359218,103.353207,98.11637351496043,105.37798293515186,179.912421875,180.537109375,1020.4518434753769,1127.3258994066052,mongodb,0.115,0.003
mongo-aggregate,aiodrf-tuned,uvicorn,4,2,complete,3173.3762846915797,19.014194500000002,31.5832855,40.8159725,374.9291483938624,401.24720337592356,716.8474934895834,717.521484375,3025.8130168743587,3320.9395525088003,mongodb,0.349,0.009
mongo-aggregate,bolt,bolt-native,1,2,complete,978.0765183451838,64.51799199999999,79.0149715,86.089562,64.9985423832417,74.27255624909671,188.245546875,188.291015625,860.5988421796693,1095.5541945106984,mongodb,0.096,0.003
mongo-aggregate,bolt,bolt-native,4,2,complete,3691.6279380292735,16.8912445,25.093484500000002,28.359098,289.0423030329858,326.08349845837216,744.335830078125,744.755859375,3466.399581726797,3916.85629433175,mongodb,0.378,0.007
mongo-aggregate,django,uvicorn,1,2,complete,888.664484978397,66.7671475,104.02820249999999,132.7117805,96.82988548723344,105.46388749814102,177.838984375,179.2890625,887.8543571082125,889.4746128485814,mongodb,0.09,0.003
mongo-aggregate,django,uvicorn,4,2,complete,2253.371067179489,27.587048000000003,41.433041,53.291273499999996,333.16016896698454,378.10008419463225,692.8551432291667,695.248046875,1940.7994216581812,2565.942712700796,mongodb,0.258,0.006
mongo-aggregate,django-sync,gunicorn-gthread,1,2,complete,1393.8093776110409,45.3136925,50.7926265,55.86617149999999,98.34436416569866,105.51782662828597,177.98195312500002,177.9921875,1386.7698852902417,1400.8488699318398,mongodb,0.133,0.004
mongo-aggregate,django-sync,gunicorn-gthread,4,2,complete,4043.7637749665755,11.419612999999998,37.8746065,44.205799999999996,380.2558836319346,407.6395532144779,630.9925944010417,631.103515625,3608.2952403800264,4479.232309553125,mongodb,0.448,0.012
mongo-aggregate,django-sync,gunicorn-sync,1,2,complete,861.7068680019524,72.4475395,85.968482,92.25330249999999,62.56435037821555,71.74023964645187,176.68921875,176.69140625,813.2786785299708,910.1350574739341,mongodb,0.085,0.005
mongo-aggregate,django-sync,gunicorn-sync,4,2,complete,3012.126074039823,20.5187425,25.014090500000002,28.6463995,232.62028546865793,260.0741114461726,625.0615625,625.078125,2986.158412009302,3038.0937360703438,mongodb,0.296,0.017
mongo-aggregate,django-sync,uvicorn,1,2,complete,839.9132950550695,70.20220900000001,118.858351,151.578241,96.11856007586437,104.96881048523309,179.60554687500002,181.201171875,759.960654335587,919.865935774552,mongodb,0.086,0.003
mongo-aggregate,django-sync,uvicorn,4,2,complete,2415.9458147164687,25.359309500000002,37.823625,46.477722,351.01714025955175,384.30000270986375,694.622802734375,698.3671875,2276.8897544948245,2555.0018749381125,mongodb,0.274,0.007
mongo-aggregate,drf,gunicorn-gthread,1,2,complete,1244.619860998976,49.9471815,60.228185499999995,78.9340105,98.1365749220972,105.60261077775635,185.153203125,185.236328125,1223.0540659021365,1266.1856560958156,mongodb,0.121,0.004
mongo-aggregate,drf,gunicorn-gthread,4,2,complete,4019.677034314471,12.8259945,33.91375,42.0720835,389.51217190330954,415.27765036797524,658.9766438802084,660.296875,3989.7450788419437,4049.608989786998,mongodb,0.429,0.011
mongo-aggregate,drf,gunicorn-sync,1,2,complete,826.4980853416131,75.158143,87.35225249999999,100.497175,62.823255902511676,67.29327088812015,181.39421875,181.4921875,824.4150734275455,828.5810972556807,mongodb,0.083,0.005
mongo-aggregate,drf,gunicorn-sync,4,2,complete,2786.8095378422845,22.5221065,26.7246945,29.692747,240.5503305376679,265.9534650598497,644.0473046875,644.34375,2663.577618586366,2910.041457098203,mongodb,0.283,0.017
mongo-aggregate,ninja,uvicorn,1,2,complete,798.1614289847209,73.7304175,126.304596,159.18710549999997,98.83636753258676,107.98483307216009,189.714609375,191.173828125,779.6450180270507,816.6778399423913,mongodb,0.086,0.002
mongo-aggregate,ninja,uvicorn,4,2,complete,2423.7974227139944,25.612021,36.385439,45.059484,355.49407583417354,382.73824059770646,743.230712890625,745.3671875,2344.2873436748155,2503.3075017531733,mongodb,0.27,0.006
mongo-native-aggregate,adrf,uvicorn,1,2,complete,1254.7810157900672,46.9619595,92.440502,122.96476849999999,95.40140107118137,104.81820227441982,139.373203125,140.509765625,1228.303670826424,1281.2583607537101,mongodb,0.119,0.004
mongo-native-aggregate,adrf,uvicorn,4,2,complete,3401.4399896555806,18.0245995,25.005201,33.796621,361.46074927036756,395.3550443270127,535.8588053385417,537.787109375,3222.457841257893,3580.4221380532686,mongodb,0.314,0.008
mongo-native-aggregate,aiodrf,uvicorn,1,2,complete,1503.6841689472462,39.909124500000004,73.63479799999999,86.572417,96.39854809435195,105.37840046359119,131.2790625,132.34765625,1431.4140089719572,1575.954328922535,mongodb,0.131,0.004
mongo-native-aggregate,aiodrf,uvicorn,4,2,complete,3987.8913696828704,15.348968500000002,23.173698,30.0059665,356.14999532524524,393.24554712232793,523.348876953125,524.146484375,3554.2232511576553,4421.559488208085,mongodb,0.373,0.01
mongo-native-aggregate,aiodrf-tuned,uvicorn,1,2,complete,2080.3885289477603,29.2037665,36.5015475,70.13816,95.81012053786027,105.152392010093,128.7465625,129.0625,2039.032027037028,2121.745030858492,mongodb,0.183,0.005
mongo-native-aggregate,aiodrf-tuned,uvicorn,4,2,complete,5072.238942448698,12.235382999999999,18.826585,23.601355499999997,333.43112084157997,370.55943298772786,523.815185546875,524.48828125,4956.8841893241215,5187.593695573275,mongodb,0.439,0.01
mongo-native-aggregate,bolt,bolt-native,1,2,complete,5780.477630790161,10.485395,13.8294455,41.5527175,96.91100326118311,107.2506580074496,186.66320638020832,186.689453125,5488.86753066888,6072.087730911442,mongodb,0.429,0.009
mongo-native-aggregate,bolt,bolt-native,4,2,complete,12751.00880963431,4.813922,7.914924999999999,10.3362215,312.7247570558054,340.9289017899793,739.6707259114582,740.130859375,12703.314355517203,12798.703263751415,mongodb,0.987,0.019
mongo-native-aggregate,django,uvicorn,1,2,complete,1688.4727379701494,36.3142735,60.846182500000005,74.94715250000002,94.93697830951135,105.4252267726365,124.21125,125.29296875,1617.0918546051441,1759.8536213351545,mongodb,0.143,0.004
mongo-native-aggregate,django,uvicorn,4,2,complete,4211.100315843436,14.659870999999999,22.7182655,29.833782,347.55449713284304,391.2963926512185,496.2412923177083,497.162109375,4139.239596490233,4282.9610351966385,mongodb,0.396,0.01
mongo-native-aggregate,django-sync,gunicorn-gthread,1,2,complete,3275.843851569053,19.411386,22.0304365,25.2187505,95.83360258192421,105.2291052118688,131.3021875,131.3125,3109.101712697821,3442.5859904402855,mongodb,0.241,0.008
mongo-native-aggregate,django-sync,gunicorn-gthread,4,2,complete,9282.871282969325,4.6191949999999995,18.63559,22.4302755,373.5817406780004,403.11292763616257,443.5423177083333,443.65234375,7793.298985839036,10772.443580099613,mongodb,0.744,0.023
mongo-native-aggregate,django-sync,gunicorn-sync,1,2,complete,1565.4871486420134,38.998937999999995,51.854398,63.8116805,47.3053402701969,54.95537612223342,129.81007812500002,129.810546875,1459.116144862094,1671.858152421933,mongodb,0.104,0.009
mongo-native-aggregate,django-sync,gunicorn-sync,4,2,complete,5635.394250333373,11.0411485,13.052564,16.3534195,181.99133211156854,207.40180107120776,439.10828125,439.111328125,5438.0936525638435,5832.694848102901,mongodb,0.413,0.028
mongo-native-aggregate,django-sync,uvicorn,1,2,complete,1532.3330116125583,38.3291655,67.65624299999999,84.4851805,95.66916629448227,106.78420210228578,127.689609375,129.1484375,1468.6307688443217,1596.0352543807949,mongodb,0.122,0.004
mongo-native-aggregate,django-sync,uvicorn,4,2,complete,4185.337590758354,14.670302,22.520073500000002,27.096678500000003,350.7933382386051,380.9657000959234,498.4375,500.05078125,4093.105226262502,4277.5699552542055,mongodb,0.354,0.009
mongo-native-aggregate,drf,gunicorn-gthread,1,2,complete,2522.5612048813027,24.741175,28.9309595,46.7697305,95.18561244573954,105.13910653260433,138.33953125,138.38671875,2335.1528748861915,2709.9695348764135,mongodb,0.191,0.007
mongo-native-aggregate,drf,gunicorn-gthread,4,2,complete,6220.548752892226,7.83084,24.65411,28.270069,331.198189821601,355.9858240867934,469.287353515625,470.572265625,6023.240901992859,6417.8566037915925,mongodb,0.494,0.015
mongo-native-aggregate,drf,gunicorn-sync,1,2,complete,1479.8303149787025,42.712447,46.4115345,48.701532,52.20952814640722,57.603613272734435,134.708984375,134.716796875,1433.7650825645944,1525.8955473928106,mongodb,0.107,0.008
mongo-native-aggregate,drf,gunicorn-sync,4,2,complete,5031.021196848453,12.3268795,15.033438499999999,18.1987795,202.0973701122389,221.2195005917482,458.2480696614583,458.27734375,4924.269657338628,5137.772736358278,mongodb,0.377,0.025
mongo-native-aggregate,ninja,uvicorn,1,2,complete,1497.7146492699233,39.93432299999999,74.0068545,87.0446005,97.25352565865236,102.88351678305258,135.61508463541668,136.619140625,1419.4285898328496,1576.0007087069969,mongodb,0.137,0.004
mongo-native-aggregate,ninja,uvicorn,4,2,complete,4240.632930044381,14.281548999999998,21.6885575,30.1524255,353.91411764511776,388.2862882959985,546.6747233072917,547.787109375,4060.347738527067,4420.9181215616945,mongodb,0.381,0.009
mongo-native-read,adrf,uvicorn,1,2,complete,1262.5216137017856,47.0596245,98.162473,120.231933,96.51189975414033,102.6666108393897,143.1178125,143.9296875,1257.8339480515724,1267.2092793519987,mongodb,0.062,0.004
mongo-native-read,adrf,uvicorn,4,2,complete,2993.042635909558,20.84205,32.668423499999996,50.0734595,338.89571740674796,377.8474203177633,541.27392578125,544.142578125,2421.3276978221984,3564.7575739969184,mongodb,0.143,0.008
mongo-native-read,aiodrf,uvicorn,1,2,complete,1386.4054077165501,43.567218999999994,76.5904535,94.311958,96.72786314523951,105.35308516072172,131.28369140625,132.548828125,1254.017370877241,1518.7934445558594,mongodb,0.071,0.004
mongo-native-read,aiodrf,uvicorn,4,2,complete,3741.0058944460843,16.046529,26.453995,39.9456285,336.8419374655788,381.66078104794383,527.6102701822917,528.60546875,3528.881255582966,3953.1305333092023,mongodb,0.171,0.009
mongo-native-read,aiodrf-tuned,uvicorn,1,2,complete,1972.3574005748212,31.352769,38.8580465,70.4270875,95.61259149077965,105.31038383478634,129.253046875,129.740234375,1816.8814520571473,2127.833349092495,mongodb,0.094,0.005
mongo-native-read,aiodrf-tuned,uvicorn,4,2,complete,5320.184707801824,11.8608485,18.2147505,24.577136,346.1316879024965,379.9973365351301,525.6802571614583,526.41796875,5254.804433620519,5385.564981983127,mongodb,0.217,0.01
mongo-native-read,bolt,bolt-native,1,2,complete,5841.535999424927,9.9061415,15.626402,41.0501055,96.97221935598313,105.24947481242731,187.90591796875,187.97265625,5400.60753398007,6282.464464869784,mongodb,0.182,0.009
mongo-native-read,bolt,bolt-native,4,2,complete,18147.437100826046,3.2955555,5.6262605,7.176830000000001,388.6826308981973,416.656375221993,740.6280924479167,741.123046875,18129.027397879192,18165.8468037729,mongodb,0.624,0.026
mongo-native-read,django,uvicorn,1,2,complete,1510.5497033254867,39.541427999999996,69.7745515,98.969418,96.55031771104372,105.14357427484615,123.941796875,125.111328125,1489.6669937024503,1531.432412948523,mongodb,0.072,0.004
mongo-native-read,django,uvicorn,4,2,complete,4470.753581414412,13.694437,19.8245765,25.3875035,351.4920571779936,385.98606041234336,495.87784830729163,496.740234375,4385.765923078365,4555.741239750459,mongodb,0.191,0.009
mongo-native-read,django-sync,gunicorn-gthread,1,2,complete,3053.0421190071647,20.7866175,23.5208285,25.214311000000002,95.67240394802047,105.34774199342282,131.24117187500002,131.244140625,2956.8716065675812,3149.2126314467478,mongodb,0.101,0.009
mongo-native-read,django-sync,gunicorn-gthread,4,2,complete,9491.437894312687,4.932875,18.399344499999998,20.9100785,371.77893839918966,410.7289561640777,443.134658203125,443.197265625,8741.22207009999,10241.653718525384,mongodb,0.333,0.022
mongo-native-read,django-sync,gunicorn-sync,1,2,complete,2128.1643795183177,28.529564999999998,38.3589035,51.3864055,67.5333512879333,76.69387375367279,129.845703125,129.845703125,2006.954289605129,2249.3744694315064,mongodb,0.073,0.011
mongo-native-read,django-sync,gunicorn-sync,4,2,complete,6850.793693075944,8.834596,12.062104,14.4668845,252.697060501691,289.2678115925108,439.434345703125,439.4375,6740.049141810264,6961.538244341625,mongodb,0.231,0.036
mongo-native-read,django-sync,uvicorn,1,2,complete,1504.702633389412,39.285472999999996,67.8002165,80.956633,97.51502871596026,105.08168805803953,128.62671875,129.966796875,1446.0366850644964,1563.3685817143278,mongodb,0.059,0.004
mongo-native-read,django-sync,uvicorn,4,2,complete,3880.945450856686,16.1322455,24.709089,29.925584,343.8564545810125,375.2793160423041,499.681396484375,501.328125,3376.442609207276,4385.448292506096,mongodb,0.165,0.01
mongo-native-read,drf,gunicorn-gthread,1,2,complete,2405.589566363107,25.983092499999998,30.021575,53.425872999999996,96.15368972607604,105.39248860589458,138.845390625,138.90234375,2284.3717076536273,2526.807425072587,mongodb,0.085,0.007
mongo-native-read,drf,gunicorn-gthread,4,2,complete,6465.002979300681,9.623637500000001,22.341087,25.897017499999997,353.73484477751333,376.7291768136475,472.197998046875,473.47265625,6407.172110371258,6522.833848230103,mongodb,0.241,0.017
mongo-native-read,drf,gunicorn-sync,1,2,complete,1918.4640370790833,32.6589615,36.997612000000004,42.0440725,72.61610000302946,81.17760474028046,135.49328125,135.78125,1907.4308500575082,1929.4972241006583,mongodb,0.065,0.01
mongo-native-read,drf,gunicorn-sync,4,2,complete,6365.43369869739,9.662891,12.1669015,14.481459999999998,276.73054925628685,304.41391666339075,460.288271484375,461.216796875,6357.14515772429,6373.722239670491,mongodb,0.212,0.031
mongo-native-read,ninja,uvicorn,1,2,complete,1583.8029766878017,37.716865999999996,71.2473995,81.2116785,96.073967283631,105.27651052786078,136.30875,137.361328125,1579.4551516893919,1588.1508016862117,mongodb,0.071,0.004
mongo-native-read,ninja,uvicorn,4,2,complete,4038.061927898745,15.096713,23.0538545,28.804892000000002,351.5611248768855,386.106573732469,546.4302571614583,547.525390625,3732.37777929691,4343.746076500581,mongodb,0.186,0.01
mongo-native-write,adrf,uvicorn,1,2,complete,1315.3959688836912,45.205943,77.10784949999999,120.34195549999998,96.21238154237723,102.70018015119209,136.23831084280303,137.11328125,1217.7388406595303,1413.0530971078524,mongodb,0.029,0.005
mongo-native-write,adrf,uvicorn,4,2,complete,3886.4752454335203,15.424146,23.6928665,39.9498465,308.218076026792,385.8428888302014,527.85791015625,528.962890625,3572.6430191194318,4200.307471747608,mongodb,0.125,0.01
mongo-native-write,aiodrf,uvicorn,1,2,complete,1649.1635381588403,36.6857185,63.924014,75.704851,96.90631840741759,103.1491153641486,129.845703125,130.525390625,1632.6785576659659,1665.6485186517145,mongodb,0.033,0.004
mongo-native-write,aiodrf,uvicorn,4,2,complete,4314.716480089213,13.793317,20.865818500000003,49.310739500000004,312.8410414757225,363.5938112679962,521.98046875,522.8515625,4287.981206613098,4341.4517535653285,mongodb,0.084,0.011
mongo-native-write,aiodrf-tuned,uvicorn,1,2,complete,2246.062436124854,26.588386,34.7723675,61.3727765,93.48465930361502,103.10083122862254,128.48018973214286,128.88671875,2191.107087904151,2301.017784345557,mongodb,0.075,0.007
mongo-native-write,aiodrf-tuned,uvicorn,4,2,complete,5785.0902199147995,10.298178,15.9734785,20.874951,302.5977650620881,329.9236345521885,523.248046875,523.501953125,5637.262190332856,5932.918249496743,mongodb,0.102,0.014
mongo-native-write,bolt,bolt-native,1,2,complete,7977.347547418969,7.060320000000001,9.033628,36.158308500000004,88.51051986360207,92.74158796554315,187.1943359375,187.2109375,7845.396585542711,8109.298509295227,mongodb,0.102,0.013
mongo-native-write,bolt,bolt-native,4,2,complete,27906.39515030259,1.8767009999999997,3.6775195,12.365327999999998,223.21348532796884,223.21348532796884,740.7421875,740.7421875,26495.31662601078,29317.473674594396,mongodb,0.275,0.034
mongo-native-write,django,uvicorn,1,2,complete,1732.4317638871776,35.5174705,43.982424,78.645183,92.24581257668618,102.92026717437831,122.85785590277777,123.587890625,1643.4907616461614,1821.372766128194,mongodb,0.036,0.005
mongo-native-write,django,uvicorn,4,2,complete,4869.370473263902,12.294870499999998,18.311123000000002,35.4952515,328.2599883528249,377.4360396462829,494.18424479166663,495.109375,4344.153331965823,5394.58761456198,mongodb,0.096,0.013
mongo-native-write,django-sync,gunicorn-gthread,1,2,complete,3719.855738879482,16.6073425,18.6002705,25.8501025,86.88183985887528,100.83197861722287,131.22890625,131.232421875,3658.893296227781,3780.818181531183,pgbouncer,0.057,0.01
mongo-native-write,django-sync,gunicorn-gthread,4,2,complete,11752.749497418183,5.057788,12.023887,20.3195505,282.65334836165295,369.2217676596821,443.1044921875,443.123046875,10832.465514430789,12673.033480405576,mongodb,0.157,0.027
mongo-native-write,django-sync,gunicorn-sync,1,2,complete,2991.0226736856243,20.601743,23.37948,36.3115185,71.0958093086522,87.12702498197208,129.876953125,129.876953125,2897.497051934381,3084.5482954368676,mongodb,0.036,0.015
mongo-native-write,django-sync,gunicorn-sync,4,2,complete,8300.988737791324,6.9927075,8.479741,18.545761,232.30479436769997,256.6886653014818,439.341796875,439.341796875,8202.912358722675,8399.065116859972,mongodb,0.157,0.04
mongo-native-write,django-sync,uvicorn,1,2,complete,1639.3359356348992,36.357513,67.85589250000001,82.7289695,98.33327157750958,101.73069919103011,126.65045572916667,127.822265625,1550.1222584267111,1728.5496128430875,mongodb,0.024,0.005
mongo-native-write,django-sync,uvicorn,4,2,complete,4763.526295251149,13.108222000000001,17.6985795,21.999135499999998,274.4788663065451,366.5125894259446,495.3291015625,496.82421875,4636.432435120059,4890.62015538224,mongodb,0.075,0.012
mongo-native-write,drf,gunicorn-gthread,1,2,complete,2870.022030895364,21.3067925,24.246808,49.307802499999994,84.12097768854736,105.48487285801444,137.83072916666669,137.837890625,2822.648254036574,2917.3958077541542,mongodb,0.037,0.008
mongo-native-write,drf,gunicorn-gthread,4,2,complete,9905.425529008475,5.4276655,12.573614000000001,26.314762500000004,304.48666800490184,375.46639748284224,465.767578125,465.91015625,9828.577712121569,9982.27334589538,mongodb,0.13,0.02
mongo-native-write,drf,gunicorn-sync,1,2,complete,2469.453643820295,25.152042,28.422711,31.541672,68.63862228252864,86.28101966482498,134.83621651785714,134.86328125,2458.438857792196,2480.4684298483944,mongodb,0.032,0.012
mongo-native-write,drf,gunicorn-sync,4,2,complete,8174.812749533237,7.3617170000000005,8.716991499999999,18.1359335,278.28216827383665,291.1556881178641,458.4404296875,458.46875,8166.2339932762825,8183.391505790191,mongodb,0.127,0.039
mongo-native-write,ninja,uvicorn,1,2,complete,1658.593965824986,36.582989,68.550718,75.0752715,91.70224169270035,104.19427962594389,135.03196614583334,135.78515625,1608.2893989010813,1708.8985327488908,mongodb,0.034,0.005
mongo-native-write,ninja,uvicorn,4,2,complete,4682.098943897421,12.8264095,18.914455,35.524949,325.15897503841904,369.75398481381717,542.61865234375,543.515625,4259.116613556618,5105.081274238223,mongodb,0.09,0.013
mongo-read,adrf,uvicorn,1,2,complete,944.0434479287774,62.630432,128.1568605,146.35352899999998,95.82592928875839,105.54967726636292,194.67453125,196.67578125,941.0839080055953,947.0029878519595,mongodb,0.058,0.003
mongo-read,adrf,uvicorn,4,2,complete,2342.0841134106686,26.15907,37.533823,48.6957245,348.44194703606513,382.89889879839643,731.8286946614583,735.271484375,2287.6981934207406,2396.470033400597,mongodb,0.14,0.007
mongo-read,aiodrf,uvicorn,1,2,complete,924.5390951094064,64.63040699999999,109.898932,131.366042,98.73507656536518,105.03332237281553,185.542578125,187.064453125,866.3249448649207,982.7532453538922,mongodb,0.054,0.003
mongo-read,aiodrf,uvicorn,4,2,complete,2634.05564551333,23.274339500000004,35.33138700000001,44.9772595,346.86288068759916,381.23158347613366,721.439453125,723.33203125,2611.071387210954,2657.0399038157057,mongodb,0.156,0.007
mongo-read,aiodrf-tuned,uvicorn,1,2,complete,1265.8632836775284,48.2986635,70.2771395,105.2636395,96.39098894129482,105.48271805811385,180.47414062500002,181.37890625,1228.7359474032494,1302.9906199518075,mongodb,0.074,0.004
mongo-read,aiodrf-tuned,uvicorn,4,2,complete,3937.5805853543516,15.6345435,24.2684115,30.267367500000002,377.1490036390419,403.37807319500735,717.4806315104167,718.44140625,3910.901610293716,3964.2595604149874,mongodb,0.219,0.009
mongo-read,bolt,bolt-native,1,2,complete,1764.196873276724,35.6360645,40.5684105,49.7186945,88.723347224647,96.84020091254021,188.34171874999998,188.375,1660.4469069765187,1867.9468395769297,mongodb,0.085,0.004
mongo-read,bolt,bolt-native,4,2,complete,5064.981276360513,12.265955,19.7022575,24.6093445,316.3721169308853,350.22012771953507,743.2315266927083,743.291015625,4999.058214422561,5130.9043382984655,mongodb,0.266,0.01
mongo-read,django,uvicorn,1,2,complete,953.6105211598531,62.816629500000005,103.76001500000001,130.377415,96.20762351754829,102.87584798469919,177.5659375,179.146484375,877.8824719550452,1029.3385703646609,mongodb,0.057,0.003
mongo-read,django,uvicorn,4,2,complete,2560.8900821739308,23.321900499999998,38.665541,62.148013500000005,338.7049390704186,380.348254514622,696.0354817708333,698.345703125,2497.734152279598,2624.0460120682633,mongodb,0.16,0.007
mongo-read,django-sync,gunicorn-gthread,1,2,complete,1784.1562492879714,35.3595805,39.982051,43.328993999999994,97.86451551392592,105.50032182621035,178.22023437500002,178.232421875,1758.1145604844153,1810.1979380915275,mongodb,0.086,0.005
mongo-read,django-sync,gunicorn-gthread,4,2,complete,5347.431888433954,11.6533045,26.008486500000004,30.911901999999998,382.9588561873122,403.65443147308406,631.6004231770833,631.662109375,5194.150532029511,5500.713244838397,mongodb,0.287,0.014
mongo-read,django-sync,gunicorn-sync,1,2,complete,1296.3207317578767,48.4701825,54.385633999999996,63.067335,71.91460402276618,79.86077065511637,176.30859375,176.30859375,1272.1414369615397,1320.5000265542135,mongodb,0.067,0.007
mongo-read,django-sync,gunicorn-sync,4,2,complete,4356.47340244688,14.190699500000001,17.667244,19.873137999999997,270.24270408120174,299.66595916153835,626.368046875,626.380859375,4272.543532633964,4440.403272259796,mongodb,0.217,0.024
mongo-read,django-sync,uvicorn,1,2,complete,983.008275120731,60.6128935,103.25724299999999,136.283953,96.7991748170867,105.3320597301173,178.90187500000002,180.5,898.2255149705826,1067.7910352708795,mongodb,0.058,0.003
mongo-read,django-sync,uvicorn,4,2,complete,2821.8067523257128,21.7636145,32.545707,41.210680499999995,345.35892901411887,389.8499290464672,694.4969889322917,698.25,2593.675257991681,3049.9382466597444,mongodb,0.162,0.007
mongo-read,drf,gunicorn-gthread,1,2,complete,1525.7859125933467,40.7870415,48.2674475,70.2272145,97.72127660641408,105.44621808529962,185.415390625,185.625,1487.0942184148641,1564.4776067718292,mongodb,0.078,0.005
mongo-read,drf,gunicorn-gthread,4,2,complete,4638.6099916037965,11.2497985,30.862755,37.308726500000006,376.1952023637987,403.56815646892704,660.42388671875,661.935546875,4220.781632783568,5056.438350424024,mongodb,0.26,0.014
mongo-read,drf,gunicorn-sync,1,2,complete,1189.9487117917756,52.673951,60.856519000000006,65.60375400000001,73.66269042960258,81.61252218569498,181.651484375,181.83984375,1127.4412389379513,1252.4561846456,mongodb,0.061,0.007
mongo-read,drf,gunicorn-sync,4,2,complete,4028.6757576990794,15.348723500000002,18.881726,20.402565,280.0913265097107,309.77359461023184,641.9395768229167,642.568359375,3948.9671060811343,4108.384409317025,mongodb,0.2,0.021
mongo-read,ninja,uvicorn,1,2,complete,929.9049502162363,64.20331999999999,107.760052,132.983386,97.73987614954852,105.0563577508037,189.944765625,191.6875,877.3714407803791,982.4384596520937,mongodb,0.056,0.003
mongo-read,ninja,uvicorn,4,2,complete,2299.692577983356,26.2603515,41.755298999999994,54.0985995,321.0082850896563,373.981373453297,744.0885416666667,746.240234375,2111.5959374284234,2487.7892185382884,mongodb,0.151,0.007
mongo-write,adrf,uvicorn,1,2,complete,1071.70703171581,56.188216499999996,81.1189035,136.946706,97.1980200209533,102.93866784096069,187.51178886217951,188.703125,976.8693978945571,1166.5446655370627,mongodb,0.038,0.004
mongo-write,adrf,uvicorn,4,2,complete,2616.6442452711885,23.300803000000002,35.4975375,41.165451000000004,309.4951343908802,368.31137038144044,718.2578125,720.78125,2522.5225167654144,2710.7659737769627,mongodb,0.086,0.009
mongo-write,aiodrf,uvicorn,1,2,complete,1187.3474793487521,49.30310300000001,93.307274,123.892958,98.20254939383477,103.09074131294685,185.00957782451923,186.79296875,1134.2847047485611,1240.4102539489434,mongodb,0.032,0.004
mongo-write,aiodrf,uvicorn,4,2,complete,3248.8720833926072,19.0977175,27.270481500000002,32.9030295,313.2054489281622,365.7718914380522,718.748046875,720.525390625,3006.6194274506247,3491.12473933459,mongodb,0.099,0.009
mongo-write,aiodrf-tuned,uvicorn,1,2,complete,1676.7825977093712,36.154918,53.3459505,100.624402,97.28441130052309,105.36953433835143,179.463623046875,180.078125,1528.8172628896268,1824.7479325291156,mongodb,0.045,0.005
mongo-write,aiodrf-tuned,uvicorn,4,2,complete,4603.647124508613,12.916398999999998,21.5342105,27.334027,307.55123406423604,373.6568956278449,715.5498046875,716.08984375,4550.344103922494,4656.950145094733,mongodb,0.086,0.013
mongo-write,bolt,bolt-native,1,2,complete,2570.9968075374027,24.555320000000002,28.873081,33.180295,83.12594953534474,96.50943830895856,188.38020833333331,188.416015625,2314.5463113694577,2827.4473037053476,pgbouncer,0.041,0.007
mongo-write,bolt,bolt-native,4,2,complete,8336.414113665802,7.6201905,9.894607,11.2943565,311.65027093112747,334.33926096367725,744.771484375,744.81640625,7917.790071314004,8755.0381560176,mongodb,0.13,0.018
mongo-write,django,uvicorn,1,2,complete,1245.3372156973694,46.555904,81.82799,112.55783199999999,94.12441555488783,100.77166495644136,177.95877153445514,179.654296875,1208.836907254277,1281.8375241404617,mongodb,0.021,0.004
mongo-write,django,uvicorn,4,2,complete,3163.3294795564134,19.403068499999996,30.851405999999997,36.2256195,318.49359717079216,362.6976376794194,691.426171875,693.24609375,3024.9050383746962,3301.7539207381305,mongodb,0.105,0.01
mongo-write,django-sync,gunicorn-gthread,1,2,complete,2553.131891497445,24.4232935,27.207349,31.1488975,95.16381249501549,101.07878932409068,178.51985677083331,178.52734375,2521.766482391187,2584.497300603703,mongodb,0.035,0.008
mongo-write,django-sync,gunicorn-gthread,4,2,complete,7834.291417267002,5.8664735,17.265924,21.375718499999998,351.11482502508886,373.1242312581994,632.1669921875,632.189453125,7651.297717477618,8017.285117056385,mongodb,0.131,0.022
mongo-write,django-sync,gunicorn-sync,1,2,complete,2168.6395964683034,28.933661999999998,30.7068685,31.916469499999998,81.36556102054365,87.9905618950967,176.69921875,176.69921875,2140.8832179461506,2196.395974990456,mongodb,0.026,0.011
mongo-write,django-sync,gunicorn-sync,4,2,complete,7192.952745541551,8.254512,10.957460999999999,17.100894000000004,222.50601197809954,318.03696172881894,626.853515625,626.85546875,6801.363406749608,7584.542084333494,mongodb,0.095,0.033
mongo-write,django-sync,uvicorn,1,2,complete,1210.2798311897413,47.723271499999996,87.0242575,122.6481775,97.98484397122921,103.06977918973863,178.07664763621796,179.390625,1113.6775236305489,1306.882138748934,mongodb,0.032,0.004
mongo-write,django-sync,uvicorn,4,2,complete,3427.021835279933,18.005850000000002,27.124346,32.6144015,305.0433794888237,352.64502138410944,692.533203125,694.71875,3181.9519616851576,3672.0917088747087,mongodb,0.111,0.01
mongo-write,drf,gunicorn-gthread,1,2,complete,1982.3816022717165,31.201499000000002,36.7235745,48.494799,90.75752215213313,105.30063816657707,184.756103515625,184.775390625,1906.8315264304783,2057.9316781129546,mongodb,0.032,0.007
mongo-write,drf,gunicorn-gthread,4,2,complete,5780.668528240617,8.21657,24.158526000000002,28.553178000000003,335.793388545467,392.39757080916553,655.4791666666667,656.55078125,5572.037849887294,5989.29920659394,mongodb,0.107,0.019
mongo-write,drf,gunicorn-sync,1,2,complete,1838.9115316482796,34.060849000000005,39.9674555,45.298716,83.73190961488737,90.32815924063968,181.55636935763889,181.5859375,1727.2947866067893,1950.5282766897699,mongodb,0.045,0.011
mongo-write,drf,gunicorn-sync,4,2,complete,5641.146707047193,11.386185000000001,14.6983435,17.958716,250.25561704597214,296.49880824969694,645.5830078125,645.611328125,4433.7081577401395,6848.585256354246,mongodb,0.141,0.03
mongo-write,ninja,uvicorn,1,2,complete,1164.8158692990028,50.8124975,96.1524565,124.5118325,95.70523779174327,102.13485274783855,189.65401785714286,190.986328125,1080.509642945999,1249.1220956520065,mongodb,0.03,0.003
mongo-write,ninja,uvicorn,4,2,complete,3152.5091471590968,19.22023,30.645275999999996,38.3823515,288.88441580189135,349.74014709904657,741.8162109375,743.70703125,2827.7698422701087,3477.2484520480853,mongodb,0.057,0.009
stream-10k,adrf,uvicorn,1,2,complete,1694.7824607720381,33.57947,73.9131715,90.0787225,97.10345475170419,105.54152698876328,136.4059375,138.021484375,1641.76666478815,1747.7982567559263,pgbouncer,0.02,0.005
stream-10k,adrf,uvicorn,4,2,complete,5195.5617312624145,11.672535,16.974918000000002,23.8554085,365.67520324571274,391.5380757007049,529.4125162760417,530.90234375,5195.173422684504,5195.950039840325,pgbouncer,0.022,0.015
stream-10k,aiodrf,uvicorn,1,2,complete,1715.9951109093681,33.1314515,86.541939,106.0658225,98.41178603937702,102.99863278553912,159.806484375,161.830078125,1701.6707124560116,1730.3195093627248,mongodb,0.014,0.005
stream-10k,aiodrf,uvicorn,4,2,complete,4928.006991159509,10.3765,23.1734145,49.5313545,352.0487567716775,394.23928534079084,557.2230631510416,560.1953125,4888.3491742854785,4967.664808033539,valkey,0.018,0.015
stream-10k,aiodrf-tuned,uvicorn,1,2,complete,2592.6690165260275,23.750612,34.542429500000004,74.5832295,97.15665070707394,103.10517226584962,138.66789062499998,140.328125,2486.7067906291973,2698.6312424228577,pgbouncer,0.017,0.008
stream-10k,aiodrf-tuned,uvicorn,4,2,complete,8412.012923680828,6.98869,11.9860915,16.3387355,361.54544003598244,406.16104378438433,537.88134765625,538.6328125,8005.571415673669,8818.454431687986,pgbouncer,0.022,0.023
stream-10k,bolt,bolt-native,1,2,complete,38418.74707261434,1.598536,2.27509,2.554353,95.67054784079977,105.22992696879072,184.91546875,184.94921875,38138.812723409574,38698.68142181909,pgbouncer,0.015,0.088
stream-10k,bolt,bolt-native,4,2,complete,121646.56063914884,0.5090215,0.798393,0.8611405,372.76061796150447,414.1785707148264,734.520390625,734.60546875,121460.26538981147,121832.85588848623,pgbouncer,0.024,0.323
stream-10k,django,uvicorn,1,2,complete,1882.1623499839056,29.941905,81.155121,116.81814299999999,100.03691195230172,136.7913292676731,153.063359375,155.10546875,1866.3127715509631,1898.0119284168481,mongodb,0.014,0.005
stream-10k,django,uvicorn,4,2,complete,5741.138929606832,9.1480655,20.241565,32.1853,352.6605483898596,387.31108215489655,531.72265625,534.958984375,5544.87404589592,5937.403813317744,pgbouncer,0.022,0.015
stream-10k,django-sync,gunicorn-gthread,1,2,complete,5093.884368775953,11.1863925,21.163541,45.8998385,95.65083664710448,105.3688525826852,130.540703125,130.548828125,4980.29471729554,5207.474020256365,valkey,0.015,0.026
stream-10k,django-sync,gunicorn-gthread,4,2,complete,16341.912894844008,3.4011255,9.445884,25.349856,385.10521840327226,408.5740910167092,441.07158854166664,441.08203125,16183.396453137155,16500.429336550864,pgbouncer,0.017,0.093
stream-10k,django-sync,gunicorn-sync,1,2,complete,4933.308072235734,12.799942,14.0565235,14.84226,95.71061708675185,103.28538135727887,129.41796875,129.41796875,4865.427872706795,5001.188271764672,mongodb,0.014,0.033
stream-10k,django-sync,gunicorn-sync,4,2,complete,14457.425049979389,4.041202,6.996678,11.2350035,359.41079484759007,408.3441116283314,437.095703125,437.095703125,14354.296048931321,14560.554051027457,postgres,0.018,0.192
stream-10k,django-sync,uvicorn,1,2,complete,1722.4562138623287,34.5749045,50.1432445,85.2696625,94.35604160900625,104.17483344304881,136.3021875,137.642578125,1669.230163651411,1775.6822640732462,valkey,0.015,0.007
stream-10k,django-sync,uvicorn,4,2,complete,4424.850013469707,13.768326,21.193296500000002,27.867635,343.07704888460177,380.5777996400626,518.2122395833333,520.869140625,3997.4752607848986,4852.224766154515,pgbouncer,0.022,0.017
stream-10k,drf,gunicorn-gthread,1,2,complete,3960.6506475090455,14.109926999999999,31.820545000000003,55.988125,96.19895266402236,105.47214954452934,135.90859375,135.9296875,3945.029975432289,3976.2713195858023,mongodb,0.014,0.021
stream-10k,drf,gunicorn-gthread,4,2,complete,11638.521852601443,3.3501425,15.893497,30.828724,386.3481537070972,414.6179726853942,461.765625,462.125,11463.689575094357,11813.354130108528,valkey,0.018,0.069
stream-10k,drf,gunicorn-sync,1,2,complete,3860.102394058837,16.31058,17.847396000000003,19.25403,95.3416592422166,105.48421875999804,134.21484375,134.21484375,3828.1970900883093,3892.0076980293647,mongodb,0.014,0.026
stream-10k,drf,gunicorn-sync,4,2,complete,12542.822916436951,5.055397500000001,5.538656,6.2973514999999995,383.1985654905719,411.0892182667842,458.16571940104166,459.052734375,12426.01822862652,12659.62760424738,pgbouncer,0.022,0.098
stream-10k,ninja,uvicorn,1,2,complete,1926.9327328826437,30.029021,73.6694195,103.3036775,99.1074763152429,106.22974155514719,163.762265625,165.771484375,1903.6109625696736,1950.2545031956138,valkey,0.015,0.005
stream-10k,ninja,uvicorn,4,2,complete,5654.237149077611,9.337055,20.498013999999998,32.2861235,352.4966401503526,389.34581490414644,580.251220703125,583.431640625,5599.796793117841,5708.677505037382,pgbouncer,0.018,0.015
stream-1k,adrf,uvicorn,1,2,complete,1811.0833173335063,31.9827455,71.09344200000001,93.763734,97.69774705762936,105.56272840884836,136.320625,137.625,1746.9645787596437,1875.2020559073687,pgbouncer,0.019,0.005
stream-1k,adrf,uvicorn,4,2,complete,4984.042434241523,12.2279985,18.3211985,23.364824,352.8321669857918,383.5124393404948,529.3709309895833,530.970703125,4628.696532365666,5339.388336117379,mongodb,0.017,0.013
stream-1k,aiodrf,uvicorn,1,2,complete,1804.1467406146326,31.613473,83.0999415,102.2554285,98.63353287469678,103.06318395225395,159.44328125,161.71875,1762.50814353238,1845.7853376968853,pgbouncer,0.019,0.004
stream-1k,aiodrf,uvicorn,4,2,complete,5494.838730418548,10.076633000000001,21.445512,41.247239,351.4296049500576,386.3449170515637,552.183837890625,555.06640625,5206.150582100331,5783.526878736765,pgbouncer,0.021,0.013
stream-1k,aiodrf-tuned,uvicorn,1,2,complete,2895.2195512875905,21.3176105,31.649038,62.7870485,96.75786163229995,105.30671086860079,136.76796875,138.248046875,2845.979580141174,2944.4595224340073,mongodb,0.014,0.007
stream-1k,aiodrf-tuned,uvicorn,4,2,complete,9032.201553980394,6.4797025,11.0747955,15.421336,355.4454109621,408.5309013617033,535.1112467447916,535.9296875,8948.192858802033,9116.210249158758,mongodb,0.017,0.021
stream-1k,bolt,bolt-native,1,2,complete,44971.63390320531,1.3687715,2.01694,2.331465,95.24717107473424,105.47053151754625,183.53812499999998,183.5625,44563.749068916535,45379.51873749407,mongodb,0.015,0.085
stream-1k,bolt,bolt-native,4,2,complete,138081.3263092544,0.4724975,0.54859,0.725484,370.878829581638,417.70530258301176,732.407421875,732.435546875,132401.6908829093,143760.96173559947,pgbouncer,0.025,0.331
stream-1k,django,uvicorn,1,2,complete,2038.1560550228442,27.883898,73.8526,90.073846,98.19565389652254,105.66713220375104,152.092421875,153.904296875,1996.2698767438471,2080.0422333018414,pgbouncer,0.015,0.005
stream-1k,django,uvicorn,4,2,complete,6145.072029116067,9.3044835,18.6645555,28.860539,353.10332837709103,387.23289698607704,528.759765625,531.4296875,6044.204341724562,6245.939716507571,valkey,0.017,0.015
stream-1k,django-sync,gunicorn-gthread,1,2,complete,5660.1353068559565,10.0560285,18.7568305,42.6160965,95.70611019580616,105.32584115688803,130.506875,130.515625,5611.666712641936,5708.603901069978,pgbouncer,0.017,0.029
stream-1k,django-sync,gunicorn-gthread,4,2,complete,17988.36372978337,2.186018,8.4212715,23.5599115,392.91457104406265,411.11503372245545,440.960693359375,440.97265625,17419.66943515119,18557.05802441555,pgbouncer,0.018,0.105
stream-1k,django-sync,gunicorn-sync,1,2,complete,5276.9083772035265,11.9794575,13.223188,14.6981715,95.17846362139088,105.49180628132828,129.36328125,129.36328125,5150.369169293744,5403.44758511331,pgbouncer,0.02,0.035
stream-1k,django-sync,gunicorn-sync,4,2,complete,15059.060365659534,3.5940395,8.0692005,11.645726,334.9696310353145,398.22784012310115,437.125,437.125,15020.245026379784,15097.875704939286,pgbouncer,0.022,0.248
stream-1k,django-sync,uvicorn,1,2,complete,1754.92249086982,33.5891485,68.41778400000001,85.49390500000001,95.85740929604384,105.1761890883688,128.862578125,129.697265625,1668.9092339317076,1840.9357478079323,pgbouncer,0.015,0.006
stream-1k,django-sync,uvicorn,4,2,complete,4705.52574746639,12.949216,19.650031,25.130404499999997,350.7257412061772,384.9267025238486,502.12353515625,503.302734375,4493.038124210941,4918.013370721841,postgres,0.017,0.015
stream-1k,drf,gunicorn-gthread,1,2,complete,4210.812734124422,13.243019,29.967177,55.101115500000006,96.01502247037035,103.02401029124474,135.803515625,135.8203125,4140.590723111275,4281.034745137569,pgbouncer,0.021,0.022
stream-1k,drf,gunicorn-gthread,4,2,complete,13200.673723046046,2.712279,13.941756999999999,31.587025999999994,383.36634297418,415.8394624521162,461.51545247395836,461.787109375,12837.558588842896,13563.788857249197,mongodb,0.017,0.076
stream-1k,drf,gunicorn-sync,1,2,complete,3881.9845842648947,16.1093555,18.6165075,23.152128500000003,94.98806678766093,105.16539259804784,134.44828125,134.55078125,3864.572096500608,3899.397072029182,pgbouncer,0.02,0.028
stream-1k,drf,gunicorn-sync,4,2,complete,13449.034864096184,4.6863525,5.462744,6.553312999999999,386.7343080352659,413.99123621882893,457.52360026041663,457.896484375,13321.196474056707,13576.87325413566,pgbouncer,0.022,0.103
stream-1k,ninja,uvicorn,1,2,complete,1934.9575432555343,29.248716,69.183827,110.89470299999999,97.98267427354385,104.87616248247726,162.951015625,164.92578125,1848.491931916326,2021.4231545947428,pgbouncer,0.019,0.005
stream-1k,ninja,uvicorn,4,2,complete,6206.560864285937,8.5180695,17.6458855,26.2711915,349.7727442929204,385.43616774998065,576.5442447916666,579.951171875,6085.7190119891375,6327.402716582736,valkey,0.017,0.015
